id,filename,sound_name,category,unity_folder,duration_seconds,requested_duration,loop,prompt,status,notes
001,button_tap,Button tap,UI / menyer,UI,0.5,under 0.3 seconds,false,"Button tap. Create a very short mobile game UI button tap sound, cozy magical forest style, soft wooden click mixed with tiny bubble pop, warm and polished, not harsh, no music, no vocals, under 0.3 seconds.",todo,"Original requested under 0.3 seconds; ElevenLabs minimum duration is 0.5s, trim after generation if needed."
002,disabled_button,Disabled button,UI / menyer,UI,0.5,under 0.4 seconds,false,"Disabled button. Create a short disabled button sound for a cozy forest puzzle game, soft muted wooden tap with gentle low thud, friendly and non-punishing, no harsh error sound, no music, under 0.4 seconds.",todo,"Original requested under 0.4 seconds; ElevenLabs minimum duration is 0.5s, trim after generation if needed."
003,popup_open,Popup open,UI / menyer,UI,0.7,under 0.7 seconds,false,"Popup open. Create a short popup opening sound for a cozy magical forest mobile puzzle game, soft airy whoosh with tiny sparkles, warm and premium, friendly UI feedback, no vocals, under 0.7 seconds.",todo,
004,popup_close,Popup close,UI / menyer,UI,0.5,under 0.5 seconds,false,"Popup close. Create a short popup close sound, soft reverse whoosh with tiny wooden click, cozy forest puzzle game style, clean and polished, no harshness, under 0.5 seconds.",todo,
005,confirmation,Confirmation,UI / menyer,UI,0.6,under 0.6 seconds,false,"Confirmation. Create a short positive confirmation sound for a cozy mobile puzzle game, gentle bell chime mixed with soft sparkle, warm, satisfying, not too magical, no vocals, under 0.6 seconds.",todo,
006,cancel,Cancel,UI / menyer,UI,0.5,under 0.4 seconds,false,"Cancel. Create a short cancel sound for a cozy forest puzzle game, soft downward wooden click with a gentle muted pop, friendly and calm, not negative or harsh, no music, under 0.4 seconds.",todo,"Original requested under 0.4 seconds; ElevenLabs minimum duration is 0.5s, trim after generation if needed."
007,tile_select,Tile select,Board interaction,Board_Interaction,0.5,under 0.25 seconds,false,"Tile select. Create a very short tile selection sound for a cozy match-3 forest puzzle game, soft rounded pop with a tiny sparkle, satisfying but subtle, no music, no vocals, under 0.25 seconds.",todo,"Original requested under 0.25 seconds; ElevenLabs minimum duration is 0.5s, trim after generation if needed."
008,tile_deselect,Tile deselect,Board interaction,Board_Interaction,0.5,under 0.25 seconds,false,"Tile deselect. Create a very short tile deselect sound for a cozy match-3 forest puzzle game, soft reverse pop with a tiny gentle click, clean and subtle, no music, no vocals, under 0.25 seconds.",todo,"Original requested under 0.25 seconds; ElevenLabs minimum duration is 0.5s, trim after generation if needed."
009,tile_swap,Tile swap,Board interaction,Board_Interaction,0.5,under 0.4 seconds,false,"Tile swap. Create a short tile swap sound for a match-3 mobile game, gentle swipe with two soft rounded clicks, cozy forest style, polished and light, no harsh motion, under 0.4 seconds.",todo,"Original requested under 0.4 seconds; ElevenLabs minimum duration is 0.5s, trim after generation if needed."
010,valid_tile_swap,Valid tile swap,Board interaction,Board_Interaction,0.5,under 0.4 seconds,false,"Valid tile swap. Create a short valid tile swap sound for a cozy match-3 game, soft swipe with satisfying double pop and tiny sparkle, warm and polished, under 0.4 seconds.",todo,"Original requested under 0.4 seconds; ElevenLabs minimum duration is 0.5s, trim after generation if needed."
011,invalid_tile_swap,Invalid tile swap,Board interaction,Board_Interaction,0.5,under 0.5 seconds,false,"Invalid tile swap. Create a friendly invalid move sound for a cozy mobile puzzle game, soft low boop with tiny wooden knock, not annoying, not harsh, playful but calm, under 0.5 seconds.",todo,
012,tile_return,Tile return,Board interaction,Board_Interaction,0.5,under 0.4 seconds,false,"Tile return. Create a short tile return sound for an invalid match-3 swap, soft reverse slide with gentle wooden tap, friendly and non-punishing, cozy puzzle game style, under 0.4 seconds.",todo,"Original requested under 0.4 seconds; ElevenLabs minimum duration is 0.5s, trim after generation if needed."
013,tile_falling,Tile falling,Board interaction,Board_Interaction,0.5,under 0.4 seconds,false,"Tile falling. Create a soft tile falling sound for a cozy match-3 puzzle game, gentle descending whoosh with small organic movement, light and subtle, no impact, under 0.4 seconds.",todo,"Original requested under 0.4 seconds; ElevenLabs minimum duration is 0.5s, trim after generation if needed."
014,tile_landing,Tile landing,Board interaction,Board_Interaction,0.5,under 0.35 seconds,false,"Tile landing. Create a soft tile landing sound for a cozy match-3 game, rounded bounce impact, gentle wooden board contact, warm and satisfying, not heavy, under 0.35 seconds.",todo,"Original requested under 0.35 seconds; ElevenLabs minimum duration is 0.5s, trim after generation if needed."
015,board_shuffle,Board shuffle,Board interaction,Board_Interaction,1.5,under 1.5 seconds,false,"Board shuffle. Create a board shuffle sound for a cozy forest match-3 game, many small soft tiles swirling and clicking gently, magical sparkle layer, polished mobile game style, under 1.5 seconds.",todo,
016,board_hint,Board hint,Board interaction,Board_Interaction,0.6,under 0.6 seconds,false,"Board hint. Create a soft hint sound for a cozy match-3 puzzle game, gentle sparkle ping with subtle magical shimmer, helpful but not intrusive, no vocals, under 0.6 seconds.",todo,
017,red_berry_match,Red berry match,Core match tiles,Core_Tiles,0.5,under 0.5 seconds,false,"Red berry match. Create a short red berry match sound for a cozy match-3 game, juicy soft fruit pop, sweet and satisfying, tiny sparkle finish, warm and playful, no vocals, under 0.5 seconds.",todo,
018,red_berry_collect,Red berry collect,Core match tiles,Core_Tiles,0.6,under 0.6 seconds,false,"Red berry collect. Create a short red berry collect sound for a cozy puzzle game, tiny juicy fruit pop flying into a goal panel with soft sparkle finish, satisfying and warm, under 0.6 seconds.",todo,
019,blueberry_match,Blueberry match,Core match tiles,Core_Tiles,0.5,under 0.5 seconds,false,"Blueberry match. Create a short blueberry match sound, round bouncy berry pop with soft plop texture, cozy forest puzzle game style, slightly deeper than red berry, polished and gentle, under 0.5 seconds.",todo,
020,blueberry_cascade_bonus,Blueberry cascade bonus,Core match tiles,Core_Tiles,0.7,under 0.7 seconds,false,"Blueberry cascade bonus. Create a short blueberry cascade bonus sound, bouncy blue pop with rising sparkle and soft combo energy, cozy match-3 puzzle style, under 0.7 seconds.",todo,
021,green_leaf_match,Green leaf match,Core match tiles,Core_Tiles,0.6,under 0.6 seconds,false,"Green leaf match. Create a short green leaf match sound for a cozy magical forest puzzle game, soft leafy rustle with tiny wind swirl, light airy swoosh, natural and pleasant, under 0.6 seconds.",todo,
022,green_leaf_wind_swirl,Green leaf wind swirl,Core match tiles,Core_Tiles,0.7,under 0.7 seconds,false,"Green leaf wind swirl. Create a short leaf wind swirl sound, gentle spinning leaf whoosh with soft forest air and tiny sparkle, cozy puzzle game style, under 0.7 seconds.",todo,
023,pink_flower_match,Pink flower match,Core match tiles,Core_Tiles,0.7,under 0.7 seconds,false,"Pink flower match. Create a short pink flower match sound, soft bloom opening with gentle petal flutter and tiny magical sparkle, cozy forest puzzle game style, warm and delicate, under 0.7 seconds.",todo,
024,pink_flower_cleanse,Pink flower cleanse,Core match tiles,Core_Tiles,0.7,under 0.7 seconds,false,"Pink flower cleanse. Create a short flower cleanse sound, soft pollen sparkle with gentle magical bloom, cozy forest puzzle game style, clean and satisfying, under 0.7 seconds.",todo,
025,white_daisy_match,White daisy match,Core match tiles,Core_Tiles,0.6,under 0.6 seconds,false,"White daisy match. Create a short white daisy match sound, clean gentle sparkle chime with soft petal burst, pure and bright but not sharp, cozy magical puzzle game style, under 0.6 seconds.",todo,
026,white_daisy_cleanse,White daisy cleanse,Core match tiles,Core_Tiles,0.7,under 0.7 seconds,false,"White daisy cleanse. Create a short white daisy cleanse sound, pure soft chime with bright magical sparkle and gentle petal motion, cozy puzzle game style, under 0.7 seconds.",todo,
027,mushroom_match,Mushroom match,Core match tiles,Core_Tiles,0.6,under 0.6 seconds,false,"Mushroom match. Create a short mushroom match sound for a cozy forest puzzle game, soft rubbery bounce followed by tiny spore puff, playful organic texture, warm and subtle, under 0.6 seconds.",todo,
028,mushroom_spore_puff,Mushroom spore puff,Core match tiles,Core_Tiles,0.6,under 0.6 seconds,false,"Mushroom spore puff. Create a short mushroom spore puff sound, soft airy puff with tiny organic particles and playful forest texture, cozy puzzle game style, under 0.6 seconds.",todo,
029,acorn_match,Acorn match,Core match tiles,Core_Tiles,0.6,under 0.6 seconds,false,"Acorn match. Create a short acorn match sound, small wooden nut crack and soft shell pop, cozy forest puzzle style, slightly heavier than berry sounds, satisfying but gentle, under 0.6 seconds.",todo,
030,acorn_collect,Acorn collect,Core match tiles,Core_Tiles,0.6,under 0.6 seconds,false,"Acorn collect. Create a short acorn collect sound, small acorn dropping into a basket with soft wooden tap and warm sparkle, cozy forest puzzle style, under 0.6 seconds.",todo,
031,bear_tile_match,Bear tile match,Helper / character tiles,Helper_Characters,0.8,under 0.8 seconds,false,"Bear tile match. Create a short bear helper tile match sound for a cozy forest puzzle game, soft happy bear-like chirp or warm cute reaction mixed with gentle pop, no actual words, friendly and premium, under 0.8 seconds.",todo,
032,bear_paw_swipe,Bear paw swipe,Helper / character tiles,Helper_Characters,0.7,under 0.7 seconds,false,"Bear paw swipe. Create a bear paw swipe sound for a cozy match-3 game, soft furry swipe with gentle impact sparkle, friendly helper action, not aggressive, warm and cute, under 0.7 seconds.",todo,
033,bear_paw_impact,Bear paw impact,Helper / character tiles,Helper_Characters,0.6,under 0.6 seconds,false,"Bear paw impact. Create a short bear paw impact sound, soft padded impact with tiny magical sparkle and warm helper feedback, cozy forest puzzle style, under 0.6 seconds.",todo,
034,bee_tile_match,Bee tile match,Helper / character tiles,Helper_Characters,0.6,under 0.6 seconds,false,"Bee tile match. Create a short bee tile match sound, tiny friendly bee buzz with soft sparkle pop, cozy honey forest puzzle game style, pleasant and not annoying, under 0.6 seconds.",todo,
035,bee_fly_to_target,Bee fly to target,Helper / character tiles,Helper_Characters,0.9,under 0.9 seconds,false,"Bee fly to target. Create a short bee flying helper sound, gentle tiny wing buzz moving from left to right with soft magical trail, cozy forest puzzle game style, no harsh buzzing, under 0.9 seconds.",todo,
036,bee_pollinate,Bee pollinate,Helper / character tiles,Helper_Characters,0.7,under 0.7 seconds,false,"Bee pollinate. Create a short bee pollination sound, soft pollen sparkle burst with tiny wing flutter, warm honey forest puzzle game style, gentle and satisfying, under 0.7 seconds.",todo,
037,bee_honey_hit,Bee honey hit,Helper / character tiles,Helper_Characters,0.7,under 0.7 seconds,false,"Bee honey hit. Create a short bee honey hit sound, tiny friendly buzz landing on a honey pot with sticky golden sparkle, cozy puzzle game style, under 0.7 seconds.",todo,
038,moss_hit,Moss hit,Blockers,Blockers,0.5,under 0.5 seconds,false,"Moss hit. Create a moss blocker hit sound for a cozy forest match-3 game, soft leafy thump with small bits of moss falling, organic and gentle, not harsh, under 0.5 seconds.",todo,
039,moss_removed,Moss removed,Blockers,Blockers,0.8,under 0.8 seconds,false,"Moss removed. Create a moss blocker removal sound, soft leafy dissolve with clean sparkle finish, cozy magical forest puzzle style, satisfying clear feedback, under 0.8 seconds.",todo,
040,covered_moss_crack,Covered moss crack,Blockers,Blockers,0.6,under 0.6 seconds,false,"Covered moss crack. Create a covered moss crack sound, soft thick vegetation tearing and cracking gently, layered organic texture, cozy puzzle game style, under 0.6 seconds.",todo,
041,covered_moss_layer_removed,Covered moss layer removed,Blockers,Blockers,0.8,under 0.8 seconds,false,"Covered moss layer removed. Create a covered moss layer removal sound, thick soft moss peeling away with leafy particles and gentle clean sparkle, cozy puzzle style, under 0.8 seconds.",todo,
042,ice_hit,Ice hit,Blockers,Blockers,0.5,under 0.5 seconds,false,"Ice hit. Create an ice blocker hit sound for a cozy puzzle game, light crystal tap with soft frosty crack, clean and bright, not sharp or painful, under 0.5 seconds.",todo,
043,ice_break,Ice break,Blockers,Blockers,0.8,under 0.8 seconds,false,"Ice break. Create an ice blocker break sound, delicate ice shards cracking and scattering with a soft magical shimmer, cozy mobile puzzle game style, polished and satisfying, under 0.8 seconds.",todo,
044,vine_hit,Vine hit,Blockers,Blockers,0.5,under 0.5 seconds,false,"Vine hit. Create a vine blocker hit sound, soft plant fiber tension with leafy rustle and tiny snap, cozy forest puzzle game style, under 0.5 seconds.",todo,
045,vine_cut,Vine cut,Blockers,Blockers,0.5,under 0.5 seconds,false,"Vine cut. Create a vine blocker cut sound, soft plant fiber snap with leafy rustle, cozy forest puzzle game style, clean and readable, under 0.5 seconds.",todo,
046,pebble_hit,Pebble hit,Blockers,Blockers,0.5,under 0.5 seconds,false,"Pebble hit. Create a pebble blocker hit sound, small rounded stone impact with tiny dust, soft and not harsh, cozy casual puzzle game style, under 0.5 seconds.",todo,
047,pebble_break,Pebble break,Blockers,Blockers,0.8,under 0.8 seconds,false,"Pebble break. Create a pebble blocker break sound, small stone crack and crumble with soft dust particles, satisfying but gentle, cozy forest puzzle style, under 0.8 seconds.",todo,
048,basket_collect,Basket collect,Objectives,Objectives,0.6,under 0.6 seconds,false,"Basket collect. Create a basket collect sound for a cozy match-3 game, small fruit drops into wicker basket, soft wooden/rattan texture, satisfying and warm, under 0.6 seconds.",todo,
049,basket_fill,Basket fill,Objectives,Objectives,0.7,under 0.7 seconds,false,"Basket fill. Create a basket fill sound, several tiny fruit pieces settling into a wicker basket with warm sparkle, cozy forest puzzle style, under 0.7 seconds.",todo,
050,basket_complete,Basket complete,Objectives,Objectives,1,under 1 seconds,false,"Basket complete. Create a basket objective complete sound, warm little chime with soft fruit sparkle and wicker basket finish, cozy forest puzzle style, happy but not loud, under 1 second.",todo,
051,honey_pot_hit,Honey pot hit,Objectives,Objectives,0.5,under 0.5 seconds,false,"Honey pot hit. Create a honey pot hit sound, soft ceramic tap with sticky honey wobble, cozy honey forest puzzle game style, warm and playful, under 0.5 seconds.",todo,
052,honey_pot_open,Honey pot open,Objectives,Objectives,0.9,under 0.9 seconds,false,"Honey pot open. Create a honey pot opening sound, small ceramic lid pop with sticky golden honey drip and magical sparkle, cozy puzzle game style, under 0.9 seconds.",todo,
053,honey_collect,Honey collect,Objectives,Objectives,0.7,under 0.7 seconds,false,"Honey collect. Create a honey collect sound, warm sticky honey swirl with soft sparkle and gentle coin-like satisfaction, cozy forest puzzle game style, under 0.7 seconds.",todo,
054,acorn_nest_fill,Acorn nest fill,Objectives,Objectives,0.6,under 0.6 seconds,false,"Acorn nest fill. Create an acorn nest fill sound, small acorns dropping into a soft nest or wooden basket, gentle natural texture, cozy forest puzzle style, under 0.6 seconds.",todo,
055,acorn_nest_complete,Acorn nest complete,Objectives,Objectives,1,under 1 seconds,false,"Acorn nest complete. Create an acorn nest objective complete sound, warm natural chime with small acorns settling and soft forest sparkle, cozy puzzle game style, under 1 second.",todo,
056,berry_bomb_charge,Berry bomb charge,Specials,Specials,0.8,under 0.8 seconds,false,"Berry bomb charge. Create a berry bomb charge sound for a cozy match-3 game, playful rising energy with berry fizz and tiny sparkles, not dangerous, warm and fun, under 0.8 seconds.",todo,
057,berry_bomb_explosion,Berry bomb explosion,Specials,Specials,1,under 1 seconds,false,"Berry bomb explosion. Create a berry bomb explosion sound, juicy fruit burst mixed with soft magical impact, playful and satisfying, non-violent, cozy mobile puzzle game style, under 1 second.",todo,
058,rocket_charge,Rocket charge,Specials,Specials,0.7,under 0.7 seconds,false,"Rocket charge. Create a striped berry rocket charge sound, playful tiny rocket preparing to launch, soft rising whoosh with berry sparkle, cozy puzzle game style, under 0.7 seconds.",todo,
059,rocket_fire_horizontal,Rocket fire horizontal,Specials,Specials,0.9,under 0.9 seconds,false,"Rocket fire horizontal. Create a horizontal rocket fire sound for a cozy match-3 game, fast left-to-right whoosh with soft berry sparkle trail, energetic but not harsh, under 0.9 seconds.",todo,
060,rocket_fire_vertical,Rocket fire vertical,Specials,Specials,0.9,under 0.9 seconds,false,"Rocket fire vertical. Create a vertical rocket fire sound for a cozy match-3 game, fast upward magical whoosh with soft berry sparkle trail, energetic but not harsh, under 0.9 seconds.",todo,
061,rainbow_orb_charge,Rainbow orb charge,Specials,Specials,1,under 1 seconds,false,"Rainbow orb charge. Create a rainbow orb charge sound, premium magical rising shimmer with soft crystal tones and gentle sparkle, cozy forest puzzle game style, no vocals, under 1 second.",todo,
062,rainbow_orb_beam,Rainbow orb beam,Specials,Specials,1.2,under 1.2 seconds,false,"Rainbow orb beam. Create a rainbow orb beam sound, magical rainbow energy beam connecting to multiple tiles, soft shimmering sweep, premium mobile puzzle style, not sci-fi harsh, under 1.2 seconds.",todo,
063,rainbow_orb_clear,Rainbow orb clear,Specials,Specials,1.5,under 1.5 seconds,false,"Rainbow orb clear. Create a rainbow full color clear sound for a cozy match-3 game, sweeping magical wave with many soft tile pops and sparkling finish, satisfying premium payoff, under 1.5 seconds.",todo,
064,rainbow_flower_bloom,Rainbow flower bloom,Specials,Specials,1.3,under 1.3 seconds,false,"Rainbow flower bloom. Create a rainbow flower activation sound, large magical bloom opening with soft petal waves, warm sparkles and gentle forest magic, premium cozy puzzle game style, under 1.3 seconds.",todo,
065,rainbow_flower_cleanse_hit,Rainbow flower cleanse hit,Specials,Specials,0.8,under 0.8 seconds,false,"Rainbow flower cleanse hit. Create a rainbow flower cleanse hit sound, warm magical pollen beam landing on a blocker with soft sparkle and clean impact, cozy puzzle style, under 0.8 seconds.",todo,
066,super_berry_activate,Super berry activate,Specials,Specials,1.2,under 1.2 seconds,false,"Super berry activate. Create a super berry activation sound, powerful juicy berry energy burst with magical cross-beam sparkle, playful premium match-3 style, non-violent, under 1.2 seconds.",todo,
067,super_berry_cross_beam,Super berry cross beam,Specials,Specials,1.2,under 1.2 seconds,false,"Super berry cross beam. Create a super berry cross beam sound, bright juicy energy sweeping horizontally and vertically with soft magical sparkle, cozy puzzle game style, under 1.2 seconds.",todo,
068,bomb_bomb_combo,Bomb bomb combo,Special combos,Special_Combos,1.4,under 1.4 seconds,false,"Bomb bomb combo. Create a large berry bomb combo sound, bigger juicy fruit explosion with soft magical shockwave and playful sparkle, satisfying but not aggressive, cozy match-3 style, under 1.4 seconds.",todo,
069,rocket_rocket_combo,Rocket rocket combo,Special combos,Special_Combos,1.4,under 1.4 seconds,false,"Rocket rocket combo. Create a double rocket combo sound, two magical berry rockets firing in crossing directions with fast soft whooshes and sparkling trails, cozy mobile puzzle game style, under 1.4 seconds.",todo,
070,bomb_rocket_combo,Bomb rocket combo,Special combos,Special_Combos,1.6,under 1.6 seconds,false,"Bomb rocket combo. Create a bomb plus rocket combo sound, juicy berry burst launching a powerful row and column clear with soft whoosh and magical sparkle, cozy match-3 style, under 1.6 seconds.",todo,
071,rainbow_bomb_combo,Rainbow bomb combo,Special combos,Special_Combos,2,under 2 seconds,false,"Rainbow bomb combo. Create a rainbow plus bomb combo sound, magical rainbow energy converts tiles into berry bombs then triggers a chain of juicy soft explosions, premium cozy puzzle payoff, under 2 seconds.",todo,
072,rainbow_rocket_combo,Rainbow rocket combo,Special combos,Special_Combos,2,under 2 seconds,false,"Rainbow rocket combo. Create a rainbow plus rocket combo sound, shimmering rainbow magic transforms tiles into rockets and launches many soft whooshing trails, exciting but polished, under 2 seconds.",todo,
073,rainbow_rainbow_combo,Rainbow rainbow combo,Special combos,Special_Combos,2.2,under 2.2 seconds,false,"Rainbow rainbow combo. Create an ultimate rainbow combo sound, huge magical board-clearing wave with crystal shimmer, soft sparkles, warm rising payoff, premium mobile puzzle game style, under 2.2 seconds.",todo,
074,shovel_select,Shovel select,Boosters,Boosters,0.5,under 0.4 seconds,false,"Shovel select. Create a shovel booster select sound, soft wooden tool pickup with tiny sparkle, cozy forest puzzle game style, clear and friendly, under 0.4 seconds.",todo,"Original requested under 0.4 seconds; ElevenLabs minimum duration is 0.5s, trim after generation if needed."
075,shovel_impact,Shovel impact,Boosters,Boosters,0.6,under 0.6 seconds,false,"Shovel impact. Create a shovel impact sound, small garden shovel hitting soil or tile with soft dirt particles, cozy forest puzzle game style, not metallic or harsh, under 0.6 seconds.",todo,
076,shovel_invalid_target,Shovel invalid target,Boosters,Boosters,0.5,under 0.5 seconds,false,"Shovel invalid target. Create a shovel invalid target sound, friendly muted wooden tap with soft low boop, cozy puzzle game style, not annoying or harsh, under 0.5 seconds.",todo,
077,hammer_select,Hammer select,Boosters,Boosters,0.5,under 0.4 seconds,false,"Hammer select. Create a hammer booster select sound, soft tool pickup with gentle wooden click and small sparkle, cozy casual puzzle style, under 0.4 seconds.",todo,"Original requested under 0.4 seconds; ElevenLabs minimum duration is 0.5s, trim after generation if needed."
078,hammer_impact,Hammer impact,Boosters,Boosters,0.6,under 0.6 seconds,false,"Hammer impact. Create a hammer booster impact sound, rounded soft impact breaking a tile or blocker, satisfying but not harsh, cozy match-3 puzzle style, under 0.6 seconds.",todo,
079,magic_glove_swap,Magic glove swap,Boosters,Boosters,0.8,under 0.8 seconds,false,"Magic glove swap. Create a magic glove swap sound, soft magical hand movement with two tiles gently switching places, airy sparkle and light whoosh, cozy puzzle game style, under 0.8 seconds.",todo,
080,paint_brush_transform,Paint brush transform,Boosters,Boosters,0.8,under 0.8 seconds,false,"Paint brush transform. Create a paint brush booster sound, soft brush stroke with magical paint splash transforming a tile, colorful sparkle, cozy mobile puzzle game style, under 0.8 seconds.",todo,
081,match_4_special_created,Match 4 special created,Combo / score feedback,Combo_Score,0.7,under 0.7 seconds,false,"Match 4 special created. Create a match-4 special creation sound, satisfying soft sparkle rise with tiny magical pop, cozy match-3 game style, rewarding but short, under 0.7 seconds.",todo,
082,match_5_special_created,Match 5 special created,Combo / score feedback,Combo_Score,1,under 1 seconds,false,"Match 5 special created. Create a match-5 special creation sound, bigger magical reward chime with soft rainbow sparkle and warm rising tone, premium cozy puzzle style, under 1 second.",todo,
083,cascade_combo_2,Cascade combo 2,Combo / score feedback,Combo_Score,0.5,under 0.5 seconds,false,"Cascade combo 2. Create a cascade combo level 2 sound, quick cheerful sparkle pop, slightly rising pitch, cozy match-3 style, under 0.5 seconds.",todo,
084,cascade_combo_3_plus,Cascade combo 3 plus,Combo / score feedback,Combo_Score,0.8,under 0.8 seconds,false,"Cascade combo 3 plus. Create a cascade combo level 3 plus sound, energetic rising sparkle sequence with soft pops, exciting but not loud, cozy puzzle game style, under 0.8 seconds.",todo,
085,score_tick,Score tick,Combo / score feedback,Combo_Score,0.5,under 0.5 seconds,true,"Score tick. Create a score counting tick sound, tiny soft coin-like ticks, warm and polished, suitable for mobile puzzle score counting, loopable, under 0.5 seconds.",todo,
086,level_start,Level start,Level states,Level_States,1,under 1 seconds,false,"Level start. Create a level start sound for a cozy forest match-3 game, soft magical ready chime with gentle wooden board reveal, warm and inviting, under 1 second.",todo,
087,objective_complete,Objective complete,Level states,Level_States,1,under 1 seconds,false,"Objective complete. Create an objective complete sound, satisfying warm sparkle chime with soft upward motion, cozy mobile puzzle style, positive but not too loud, under 1 second.",todo,
088,low_moves_warning,Low moves warning,Level states,Level_States,0.8,under 0.8 seconds,false,"Low moves warning. Create a low moves warning sound, gentle concerned chime with soft low pulse, friendly and non-stressful, cozy puzzle game style, under 0.8 seconds.",todo,
089,last_move_warning,Last move warning,Level states,Level_States,0.8,under 0.8 seconds,false,"Last move warning. Create a last move warning sound, soft urgent but friendly chime with gentle low pulse, not scary, cozy puzzle game style, under 0.8 seconds.",todo,
090,level_win,Level win,Level states,Level_States,4,3 to 5 seconds,false,"Level win. Create a level win fanfare for a cozy magical forest puzzle game, short happy celebration with warm bells, soft marimba, sparkles and friendly energy, no vocals, 3 to 5 seconds.",todo,
091,level_failed,Level failed,Level states,Level_States,2,under 2 seconds,false,"Level failed. Create a gentle level failed sound, soft descending chime with warm supportive tone, not punishing, cozy mobile puzzle style, under 2 seconds.",todo,
092,three_stars,Three stars,Level states,Level_States,2,under 2 seconds,false,"Three stars. Create a three-star reward sound, three bright warm star chimes rising in pitch with magical sparkle finish, cozy premium mobile puzzle game style, under 2 seconds.",todo,
093,coin_collect,Coin collect,Rewards / economy,Rewards_Economy,0.5,under 0.5 seconds,false,"Coin collect. Create a coin collect sound, soft golden coin sparkle with warm wooden undertone, cozy puzzle game economy feedback, satisfying but not sharp, under 0.5 seconds.",todo,
094,coin_count_loop,Coin count loop,Rewards / economy,Rewards_Economy,1,under 1 seconds,true,"Coin count loop. Create a coin counting loop sound, tiny warm golden ticks with soft sparkle, seamless and satisfying for reward counting, cozy mobile puzzle style, under 1 second.",todo,
095,star_appear,Star appear,Rewards / economy,Rewards_Economy,0.6,under 0.6 seconds,false,"Star appear. Create a star appear sound, warm magical star chime with tiny sparkle trail, premium cozy puzzle style, under 0.6 seconds.",todo,
096,trophy_gain,Trophy gain,Rewards / economy,Rewards_Economy,1,under 1 seconds,false,"Trophy gain. Create a trophy gain sound, small victorious brass-like chime mixed with soft sparkle, friendly mobile game style, not loud, under 1 second.",todo,
097,honey_token_gain,Honey token gain,Rewards / economy,Rewards_Economy,0.7,under 0.7 seconds,false,"Honey token gain. Create a honey token reward sound, sticky golden sparkle with soft coin chime and warm honey feel, cozy puzzle event style, under 0.7 seconds.",todo,
098,cosmetic_shard_gain,Cosmetic shard gain,Rewards / economy,Rewards_Economy,0.7,under 0.7 seconds,false,"Cosmetic shard gain. Create a cosmetic shard reward sound, delicate crystal sparkle with soft magical shimmer, cozy wardrobe reward style, under 0.7 seconds.",todo,
099,booster_fragment_gain,Booster fragment gain,Rewards / economy,Rewards_Economy,0.7,under 0.7 seconds,false,"Booster fragment gain. Create a booster fragment reward sound, small magical puzzle piece click with sparkle, cozy mobile puzzle game style, under 0.7 seconds.",todo,
100,key_gain,Key gain,Rewards / economy,Rewards_Economy,0.7,under 0.7 seconds,false,"Key gain. Create a key reward sound, tiny golden key jingle with warm sparkle, cozy forest puzzle game style, under 0.7 seconds.",todo,
101,chest_appear,Chest appear,Chests,Chests,0.8,under 0.8 seconds,false,"Chest appear. Create a treasure chest appear sound, soft magical poof with wooden chest presence and tiny sparkles, cozy mobile puzzle game style, under 0.8 seconds.",todo,
102,small_chest_open,Small chest open,Chests,Chests,1.2,under 1.2 seconds,false,"Small chest open. Create a small reward chest opening sound, gentle wooden creak, soft latch click and small sparkle burst, cozy puzzle game style, under 1.2 seconds.",todo,
103,star_chest_open,Star chest open,Chests,Chests,1.5,under 1.5 seconds,false,"Star chest open. Create a star chest opening sound, warm wooden chest open with bright star chimes and soft magical sparkle, cozy puzzle reward style, under 1.5 seconds.",todo,
104,friend_chest_open,Friend chest open,Chests,Chests,1.5,under 1.5 seconds,false,"Friend chest open. Create a friend challenge chest opening sound, playful wooden chest open with social sparkle, warm chime and friendly reward feel, cozy puzzle style, under 1.5 seconds.",todo,
105,event_chest_open,Event chest open,Chests,Chests,1.6,under 1.6 seconds,false,"Event chest open. Create an event chest opening sound, festive golden sparkle with soft wooden chest creak and warm seasonal magic, cozy puzzle style, under 1.6 seconds.",todo,
106,rare_chest_open,Rare chest open,Chests,Chests,2,under 2 seconds,false,"Rare chest open. Create a rare reward chest opening sound, richer wooden chest creak with magical golden sparkle burst and warm payoff chime, premium cozy puzzle style, under 2 seconds.",todo,
107,daily_reward_open,Daily reward open,Daily streak,Daily_Streak,1,under 1 seconds,false,"Daily reward open. Create a daily reward panel opening sound, warm magical UI reveal with soft sparkles and cozy forest tone, mobile puzzle style, under 1 second.",todo,
108,daily_reward_claim,Daily reward claim,Daily streak,Daily_Streak,1,under 1 seconds,false,"Daily reward claim. Create a daily reward claim sound, satisfying short chime with coins, sparkles and warm positive energy, cozy mobile puzzle style, under 1 second.",todo,
109,daily_streak_day_tick,Daily streak day tick,Daily streak,Daily_Streak,0.5,under 0.5 seconds,false,"Daily streak day tick. Create a daily streak day tick sound, small calendar-like soft tap with warm sparkle, cozy mobile puzzle reward style, under 0.5 seconds.",todo,
110,daily_streak_complete,Daily streak complete,Daily streak,Daily_Streak,2,under 2 seconds,false,"Daily streak complete. Create a daily streak complete sound, cheerful rising sequence of soft chimes and sparkles, rewarding but not overwhelming, cozy puzzle game style, under 2 seconds.",todo,
111,streak_freeze_used,Streak freeze used,Daily streak,Daily_Streak,1,under 1 seconds,false,"Streak freeze used. Create a streak freeze used sound, gentle frosty sparkle with soft protective chime, cozy puzzle game style, friendly and reassuring, under 1 second.",todo,
112,challenge_sent,Challenge sent,Friend challenge,Friend_Challenge,0.8,under 0.8 seconds,false,"Challenge sent. Create a friend challenge sent sound, playful message whoosh with tiny sparkle and confident finish, cozy mobile puzzle style, under 0.8 seconds.",todo,
113,challenge_received,Challenge received,Friend challenge,Friend_Challenge,0.8,under 0.8 seconds,false,"Challenge received. Create a friend challenge received sound, friendly notification chime with soft pop and warm sparkle, cozy social puzzle game style, under 0.8 seconds.",todo,
114,challenge_countdown,Challenge countdown,Friend challenge,Friend_Challenge,2,under 2 seconds,false,"Challenge countdown. Create a short challenge countdown sound, three soft ticking pulses and a bright start chime, energetic but friendly, cozy puzzle competition style, under 2 seconds.",todo,
115,challenge_time_warning,Challenge time warning,Friend challenge,Friend_Challenge,1,under 1 seconds,false,"Challenge time warning. Create a challenge time warning sound, soft ticking pulse with friendly tension and warm chime, energetic but not stressful, cozy puzzle competition style, under 1 second.",todo,
116,overtake_friend_score,Overtake friend score,Friend challenge,Friend_Challenge,1,under 1 seconds,false,"Overtake friend score. Create a sound for overtaking a friend's score, exciting rising sparkle with quick celebratory pop, friendly competition mobile puzzle style, under 1 second.",todo,
117,challenge_new_record,Challenge new record,Friend challenge,Friend_Challenge,1.2,under 1.2 seconds,false,"Challenge new record. Create a new record sound for a friend challenge, bright warm sparkle burst with triumphant but cute chime, cozy puzzle competition style, under 1.2 seconds.",todo,
118,challenge_win,Challenge win,Friend challenge,Friend_Challenge,2.5,2 to 3 seconds,false,"Challenge win. Create a friend challenge win sound, short triumphant but cute fanfare with warm bells, soft percussion and sparkle, cozy mobile puzzle competition style, 2 to 3 seconds.",todo,
119,challenge_lose,Challenge lose,Friend challenge,Friend_Challenge,2,under 2 seconds,false,"Challenge lose. Create a friend challenge lose sound, gentle supportive descending chime, friendly rematch feeling, not sad or punishing, cozy puzzle style, under 2 seconds.",todo,
120,challenge_draw,Challenge draw,Friend challenge,Friend_Challenge,1,under 1 seconds,false,"Challenge draw. Create a friend challenge draw sound, neutral friendly chime with soft bounce and playful sparkle, cozy puzzle competition style, under 1 second.",todo,
121,rematch_prompt,Rematch prompt,Friend challenge,Friend_Challenge,0.8,under 0.8 seconds,false,"Rematch prompt. Create a rematch prompt sound, playful question-like chime with soft bounce and friendly energy, cozy social puzzle game style, under 0.8 seconds.",todo,
122,leaderboard_open,Leaderboard open,Leaderboard / league,Leaderboard_League,1,under 1 seconds,false,"Leaderboard open. Create a leaderboard opening sound, soft competitive UI reveal with warm sparkle and gentle rank chime, cozy puzzle game style, under 1 second.",todo,
123,leaderboard_row_reveal,Leaderboard row reveal,Leaderboard / league,Leaderboard_League,0.5,under 0.4 seconds,false,"Leaderboard row reveal. Create a leaderboard row reveal sound, small polished UI slide tick with soft sparkle, cozy mobile game style, under 0.4 seconds.",todo,"Original requested under 0.4 seconds; ElevenLabs minimum duration is 0.5s, trim after generation if needed."
124,self_rank_highlight,Self rank highlight,Leaderboard / league,Leaderboard_League,0.7,under 0.7 seconds,false,"Self rank highlight. Create a self rank highlight sound, warm spotlight chime with tiny sparkle and soft pop, cozy social puzzle style, under 0.7 seconds.",todo,
125,league_promotion,League promotion,Leaderboard / league,Leaderboard_League,2.5,under 2.5 seconds,false,"League promotion. Create a league promotion sound, happy triumphant but cute fanfare with warm bells, soft sparkle and premium mobile game feel, under 2.5 seconds.",todo,
126,league_demotion_soft,League demotion soft,Leaderboard / league,Leaderboard_League,1.5,under 1.5 seconds,false,"League demotion soft. Create a soft league demotion sound, gentle downward chime with supportive tone, not punishing, cozy social puzzle style, under 1.5 seconds.",todo,
127,map_open,Map open,Level map,Level_Map,1.2,under 1.2 seconds,false,"Map open. Create a level map opening sound, soft forest whoosh with warm magical reveal and gentle ambience, cozy mobile puzzle game style, under 1.2 seconds.",todo,
128,map_node_unlock,Map node unlock,Level map,Level_Map,0.8,under 0.8 seconds,false,"Map node unlock. Create a level node unlock sound, small magical lock pop with warm sparkle and wooden map click, cozy puzzle map style, under 0.8 seconds.",todo,
129,map_node_select,Map node select,Level map,Level_Map,0.5,under 0.4 seconds,false,"Map node select. Create a level node select sound, soft rounded tap with tiny star sparkle, cozy mobile puzzle map style, under 0.4 seconds.",todo,"Original requested under 0.4 seconds; ElevenLabs minimum duration is 0.5s, trim after generation if needed."
130,map_node_locked,Map node locked,Level map,Level_Map,0.5,under 0.5 seconds,false,"Map node locked. Create a locked map node sound, soft wooden lock tap with muted sparkle, friendly and non-punishing, cozy puzzle map style, under 0.5 seconds.",todo,
131,map_path_progress,Map path progress,Level map,Level_Map,1,under 1 seconds,false,"Map path progress. Create a map path progress sound, soft magical trail moving along a forest path with tiny sparkles, cozy puzzle adventure style, under 1 second.",todo,
132,world_gate_open,World gate open,Level map,Level_Map,1.5,under 1.5 seconds,false,"World gate open. Create a world gate opening sound for a cozy forest puzzle map, magical wooden gate opening with soft sparkle and warm reveal, under 1.5 seconds.",todo,
133,world_complete,World complete,Level map,Level_Map,4,3 to 5 seconds,false,"World complete. Create a world complete celebration sound, short warm magical fanfare with forest bells, soft percussion and sparkles, cozy puzzle adventure style, 3 to 5 seconds.",todo,
134,bear_happy,Bear happy,Companion bear,Companion_Bear,0.7,under 0.7 seconds,false,"Bear happy. Create a cute bear companion happy reaction sound, soft warm non-verbal bear chirp or hum with tiny bounce, cozy forest game style, no words, under 0.7 seconds.",todo,
135,bear_big_cheer,Bear big cheer,Companion bear,Companion_Bear,1.2,under 1.2 seconds,false,"Bear big cheer. Create a cute bear companion big cheer sound, joyful non-verbal bear celebration with soft clap and sparkle, warm and friendly, no words, under 1.2 seconds.",todo,
136,bear_surprised,Bear surprised,Companion bear,Companion_Bear,0.7,under 0.7 seconds,false,"Bear surprised. Create a cute bear surprised reaction sound, short soft non-verbal whoa style animal chirp with tiny sparkle, playful and friendly, no words, under 0.7 seconds.",todo,
137,bear_worried,Bear worried,Companion bear,Companion_Bear,0.8,under 0.8 seconds,false,"Bear worried. Create a cute bear worried reaction sound, gentle concerned non-verbal bear hum, soft and supportive, not stressful, cozy game style, under 0.8 seconds.",todo,
138,bear_hint_point,Bear hint point,Companion bear,Companion_Bear,0.8,under 0.8 seconds,false,"Bear hint point. Create a bear companion hint point sound, soft helpful non-verbal bear chirp with tiny sparkle and gentle pointing cue, cozy puzzle style, no words, under 0.8 seconds.",todo,
139,bear_victory,Bear victory,Companion bear,Companion_Bear,1.5,under 1.5 seconds,false,"Bear victory. Create a bear companion victory sound, joyful cute bear celebration with soft claps, warm bells and tiny sparkles, no spoken words, cozy puzzle game style, under 1.5 seconds.",todo,
140,bear_defeat_encourage,Bear defeat encourage,Companion bear,Companion_Bear,1.2,under 1.2 seconds,false,"Bear defeat encourage. Create a bear companion encouragement sound after losing, soft supportive non-verbal bear hum with warm gentle chime, not sad, no words, under 1.2 seconds.",todo,
141,bear_map_footsteps,Bear map footsteps,Companion bear,Companion_Bear,1,under 1 seconds,true,"Bear map footsteps. Create soft bear footsteps for a cozy level map, tiny padded steps on forest path, warm and subtle, loopable, under 1 second.",todo,
142,bear_opens_chest,Bear opens chest,Companion bear,Companion_Bear,1.5,under 1.5 seconds,false,"Bear opens chest. Create a bear companion opening chest sound, cute effort sound with soft wooden chest creak and sparkle reward, no words, cozy forest puzzle style, under 1.5 seconds.",todo,
143,wardrobe_open,Wardrobe open,Wardrobe / cosmetics,Wardrobe_Cosmetics,1,under 1 seconds,false,"Wardrobe open. Create a wardrobe opening sound for a cozy bear customization screen, soft wooden closet open with magical sparkle, warm and personal, under 1 second.",todo,
144,wardrobe_item_select,Wardrobe item select,Wardrobe / cosmetics,Wardrobe_Cosmetics,0.5,under 0.4 seconds,false,"Wardrobe item select. Create a wardrobe item select sound, soft fabric tap with tiny sparkle and gentle UI click, cozy character customization style, under 0.4 seconds.",todo,"Original requested under 0.4 seconds; ElevenLabs minimum duration is 0.5s, trim after generation if needed."
145,cosmetic_item_equip,Cosmetic item equip,Wardrobe / cosmetics,Wardrobe_Cosmetics,0.6,under 0.6 seconds,false,"Cosmetic item equip. Create a cosmetic item equip sound, soft fabric rustle with tiny sparkle click, cozy character customization style, satisfying but subtle, under 0.6 seconds.",todo,
146,cosmetic_item_unlock,Cosmetic item unlock,Wardrobe / cosmetics,Wardrobe_Cosmetics,1.2,under 1.2 seconds,false,"Cosmetic item unlock. Create a cosmetic unlock sound, magical reveal sparkle with warm chime and soft fabric shimmer, cozy bear wardrobe reward style, under 1.2 seconds.",todo,
147,locked_cosmetic_item,Locked cosmetic item,Wardrobe / cosmetics,Wardrobe_Cosmetics,0.5,under 0.5 seconds,false,"Locked cosmetic item. Create a locked cosmetic item sound, soft friendly lock tap with muted sparkle, non-punishing, cozy UI style, under 0.5 seconds.",todo,
148,bear_village_open,Bear Village open,Bear Village,Bear_Village,1.5,under 1.5 seconds,false,"Bear Village open. Create a bear village opening sound, cozy forest ambience reveal with soft wooden chimes and warm magical sparkle, mobile puzzle meta screen style, under 1.5 seconds.",todo,
149,village_building_select,Village building select,Bear Village,Bear_Village,0.5,under 0.5 seconds,false,"Village building select. Create a village building select sound, soft wooden tap with tiny cozy sparkle, warm forest village style, under 0.5 seconds.",todo,
150,village_building_unlock,Village building unlock,Bear Village,Bear_Village,1.5,under 1.5 seconds,false,"Village building unlock. Create a village building unlock sound, cheerful wooden construction pop with magic sparkle and warm reward chime, cozy forest game style, under 1.5 seconds.",todo,
151,village_building_upgrade,Village building upgrade,Bear Village,Bear_Village,2,under 2 seconds,false,"Village building upgrade. Create a village building upgrade sound, soft construction taps, magical growth sparkle and satisfying completion chime, cozy bear village style, under 2 seconds.",todo,
152,village_decoration_placed,Village decoration placed,Bear Village,Bear_Village,0.6,under 0.6 seconds,false,"Village decoration placed. Create a decoration placed sound, soft object placement click with tiny sparkle and warm cozy tone, bear village customization style, under 0.6 seconds.",todo,
153,shop_open,Shop open,Shop,Shop,1,under 1 seconds,false,"Shop open. Create a cozy mobile game shop opening sound, soft wooden counter bell with gentle sparkle, warm and friendly, not commercial or harsh, under 1 second.",todo,
154,shop_item_select,Shop item select,Shop,Shop,0.5,under 0.5 seconds,false,"Shop item select. Create a shop item select sound, soft polished UI click with warm sparkle and tiny coin texture, cozy mobile game style, under 0.5 seconds.",todo,
155,purchase_success,Purchase success,Shop,Shop,1,under 1 seconds,false,"Purchase success. Create a purchase success sound, warm satisfying chime with soft coin sparkle and confirmation pop, cozy puzzle game style, under 1 second.",todo,
156,purchase_failed,Purchase failed,Shop,Shop,0.6,under 0.6 seconds,false,"Purchase failed. Create a purchase failed sound, soft muted coin tap with gentle low boop, friendly and non-punishing, cozy mobile game style, under 0.6 seconds.",todo,
157,booster_added,Booster added,Shop,Shop,0.7,under 0.7 seconds,false,"Booster added. Create a booster added sound, small magical item pop with warm sparkle and satisfying inventory click, cozy puzzle shop style, under 0.7 seconds.",todo,
158,honey_harvest_open,Honey Harvest open,Honey Harvest event,Honey_Harvest_Event,1.5,under 1.5 seconds,false,"Honey Harvest open. Create a Honey Harvest event opening sound, cozy honey festival feel with soft bee buzz, warm golden sparkle, light forest bells, no vocals, under 1.5 seconds.",todo,
159,honey_token_collect,Honey token collect,Honey Harvest event,Honey_Harvest_Event,0.6,under 0.6 seconds,false,"Honey token collect. Create a honey token collect sound, sticky golden honey sparkle with soft coin chime, cozy bee forest puzzle event style, under 0.6 seconds.",todo,
160,honey_progress_fill,Honey progress fill,Honey Harvest event,Honey_Harvest_Event,0.8,under 0.8 seconds,false,"Honey progress fill. Create a honey event progress fill sound, sticky golden liquid filling a bar with soft sparkle and warm chime, cozy puzzle event style, under 0.8 seconds.",todo,
161,honey_milestone_reached,Honey milestone reached,Honey Harvest event,Honey_Harvest_Event,1.5,under 1.5 seconds,false,"Honey milestone reached. Create an event milestone reached sound, warm honey sparkle burst with cheerful soft bells and friendly bee flutter, cozy mobile puzzle style, under 1.5 seconds.",todo,
162,honey_event_complete,Honey event complete,Honey Harvest event,Honey_Harvest_Event,4,3 to 5 seconds,false,"Honey event complete. Create a Honey Harvest event complete fanfare, warm golden celebration with soft bells, tiny bee flutter, cozy forest magic and rewarding finish, no vocals, 3 to 5 seconds.",todo,
163,tutorial_hand_point,Tutorial hand point,Tutorial,Tutorial,0.5,under 0.4 seconds,false,"Tutorial hand point. Create a soft tutorial pointer sound, tiny friendly tap with sparkle, clear but gentle, cozy mobile puzzle game style, under 0.4 seconds.",todo,"Original requested under 0.4 seconds; ElevenLabs minimum duration is 0.5s, trim after generation if needed."
164,tutorial_swipe_hint,Tutorial swipe hint,Tutorial,Tutorial,0.6,under 0.6 seconds,false,"Tutorial swipe hint. Create a tutorial swipe hint sound, soft left-to-right whoosh with gentle sparkle trail, friendly mobile puzzle style, under 0.6 seconds.",todo,
165,tutorial_step_complete,Tutorial step complete,Tutorial,Tutorial,0.7,under 0.7 seconds,false,"Tutorial step complete. Create a tutorial step complete sound, small positive chime with soft sparkle, encouraging and cozy, under 0.7 seconds.",todo,
166,tutorial_character_prompt,Tutorial character prompt,Tutorial,Tutorial,0.8,under 0.8 seconds,false,"Tutorial character prompt. Create a tutorial character prompt sound, soft bear-like non-verbal cue with gentle sparkle and warm helpful tone, no words, cozy puzzle style, under 0.8 seconds.",todo,
167,soft_notification,Soft notification,Notifications,Notifications,0.8,under 0.8 seconds,false,"Soft notification. Create a soft notification sound, warm gentle chime with tiny sparkle, cozy mobile puzzle game style, pleasant and not intrusive, under 0.8 seconds.",todo,
168,reward_ready_notification,Reward ready notification,Notifications,Notifications,0.8,under 0.8 seconds,false,"Reward ready notification. Create a soft reward ready notification sound, warm gentle chime with tiny sparkle and satisfying positive finish, cozy mobile puzzle game style, under 0.8 seconds.",todo,
169,challenge_received_notification,Challenge received notification,Notifications,Notifications,0.8,under 0.8 seconds,false,"Challenge received notification. Create a challenge received notification sound, friendly social chime with soft pop and warm sparkle, cozy puzzle game style, under 0.8 seconds.",todo,
170,event_started_notification,Event started notification,Notifications,Notifications,1,under 1 seconds,false,"Event started notification. Create an event started notification sound, cheerful soft forest bell with golden sparkle and tiny bee flutter, cozy puzzle game style, under 1 second.",todo,
171,connection_lost,Connection lost,Notifications,Notifications,0.8,under 0.8 seconds,false,"Connection lost. Create a soft connection lost sound, gentle muted descending tone with friendly UI boop, non-alarming, cozy mobile game style, under 0.8 seconds.",todo,
172,connection_restored,Connection restored,Notifications,Notifications,0.8,under 0.8 seconds,false,"Connection restored. Create a connection restored sound, soft upward chime with tiny sparkle and confirmation pop, cozy mobile game style, under 0.8 seconds.",todo,
173,forest_day_ambience,Forest day ambience,Ambience loops,Ambience_Loops,30,60 seconds,true,"Forest day ambience. Create a seamless cozy forest day ambience loop for a mobile puzzle game, soft birds, gentle leaves, warm air, subtle distant nature, relaxing and not distracting, no melody, 60 seconds.",todo,"Original requested 60 seconds; ElevenLabs max duration is 30s, generate 2 variants or loop/extend in DAW if 60s is needed."
174,forest_evening_ambience,Forest evening ambience,Ambience loops,Ambience_Loops,30,60 seconds,true,"Forest evening ambience. Create a seamless cozy forest evening ambience loop for a mobile puzzle game, gentle crickets, soft leaves, distant birds, warm calm atmosphere, relaxing and not distracting, no melody, 60 seconds.",todo,"Original requested 60 seconds; ElevenLabs max duration is 30s, generate 2 variants or loop/extend in DAW if 60s is needed."
175,magic_clearing_ambience,Magic clearing ambience,Ambience loops,Ambience_Loops,30,60 seconds,true,"Magic clearing ambience. Create a seamless magical forest clearing ambience loop, gentle wind, soft sparkles, distant chimes, subtle nature sounds, cozy premium puzzle game atmosphere, no melody, 60 seconds.",todo,"Original requested 60 seconds; ElevenLabs max duration is 30s, generate 2 variants or loop/extend in DAW if 60s is needed."
176,honey_hills_ambience,Honey hills ambience,Ambience loops,Ambience_Loops,30,60 seconds,true,"Honey hills ambience. Create a seamless honey forest ambience loop, gentle bees far away, warm summer air, soft leaves, cozy and not annoying, no melody, 60 seconds.",todo,"Original requested 60 seconds; ElevenLabs max duration is 30s, generate 2 variants or loop/extend in DAW if 60s is needed."
177,bear_village_ambience,Bear Village ambience,Ambience loops,Ambience_Loops,30,60 seconds,true,"Bear Village ambience. Create a seamless cozy bear village ambience loop, soft forest, distant tiny wooden activity, gentle birds, warm safe atmosphere, no melody, 60 seconds.",todo,"Original requested 60 seconds; ElevenLabs max duration is 30s, generate 2 variants or loop/extend in DAW if 60s is needed."
