"audio_id","file_name","source_path","target_path","category","status","notes"
"audio_0105","06.mp3","BUX2\sound\unsorted\06.mp3","Assets\BUX\_Review\NeedsRename\Audio\06.mp3","Review/NeedsRename/Audio","copied","Numbered or unclear audio filename"
"audio_0106","07.mp3","BUX2\sound\unsorted\07.mp3","Assets\BUX\_Review\NeedsRename\Audio\07.mp3","Review/NeedsRename/Audio","copied","Numbered or unclear audio filename"
"audio_0107","08.mp3","BUX2\sound\unsorted\08.mp3","Assets\BUX\_Review\NeedsRename\Audio\08.mp3","Review/NeedsRename/Audio","copied","Numbered or unclear audio filename"
"audio_0108","09.mp3","BUX2\sound\unsorted\09.mp3","Assets\BUX\_Review\NeedsRename\Audio\09.mp3","Review/NeedsRename/Audio","copied","Numbered or unclear audio filename"
"audio_0109","10.mp3","BUX2\sound\unsorted\10.mp3","Assets\BUX\_Review\NeedsRename\Audio\10.mp3","Review/NeedsRename/Audio","copied","Numbered or unclear audio filename"
"audio_0110","11.mp3","BUX2\sound\unsorted\11.mp3","Assets\BUX\_Review\NeedsRename\Audio\11.mp3","Review/NeedsRename/Audio","copied","Numbered or unclear audio filename"
"audio_0111","12.mp3","BUX2\sound\unsorted\12.mp3","Assets\BUX\_Review\NeedsRename\Audio\12.mp3","Review/NeedsRename/Audio","copied","Numbered or unclear audio filename"
"audio_0112","13.mp3","BUX2\sound\unsorted\13.mp3","Assets\BUX\_Review\NeedsRename\Audio\13.mp3","Review/NeedsRename/Audio","copied","Numbered or unclear audio filename"
"audio_0113","14.mp3","BUX2\sound\unsorted\14.mp3","Assets\BUX\_Review\NeedsRename\Audio\14.mp3","Review/NeedsRename/Audio","copied","Numbered or unclear audio filename"
"audio_0114","15. Short Premium Mobile Puzzle Game Victory Stinger. Cozy Magical Forest Sty.mp3","BUX2\sound\unsorted\15. Short Premium Mobile Puzzle Game Victory Stinger. Cozy Magical Forest Sty.mp3","Assets\BUX\_Review\NeedsRename\Audio\15. Short Premium Mobile Puzzle Game Victory Stinger. Cozy Magical Forest Sty.mp3","Review/NeedsRename/Audio","copied","Audio filename did not match a confident production rule"
"audio_0130","31.mp3","BUX2\sound\unsorted\31.mp3","Assets\BUX\_Review\NeedsRename\Audio\31.mp3","Review/NeedsRename/Audio","copied","Numbered or unclear audio filename"
"audio_0100","01. Seamless Ambient Loop For A Cozy Magical Forest Mobile Match-3 Puzzle Gam.mp3","BUX2\sound\unsorted\01. Seamless Ambient Loop For A Cozy Magical Forest Mobile Match-3 Puzzle Gam.mp3","Assets\BUX\Audio\Ambience\01. Seamless Ambient Loop For A Cozy Magical Forest Mobile Match-3 Puzzle Gam.mp3","Audio/Ambience","copied","Matched ambience keyword"
"audio_0055","01_forest_day_ambience.mp3","BUX2\sound\renamed_suno_sounds\01_forest_day_ambience.mp3","Assets\BUX\Audio\Ambience\01_forest_day_ambience.mp3","Audio/Ambience","copied","Matched ambience keyword"
"audio_0101","02. Seamless Ambient Loop For A Cozy Magical Forest Mobile Match-3 Puzzle Gam.mp3","BUX2\sound\unsorted\02. Seamless Ambient Loop For A Cozy Magical Forest Mobile Match-3 Puzzle Gam.mp3","Assets\BUX\Audio\Ambience\02. Seamless Ambient Loop For A Cozy Magical Forest Mobile Match-3 Puzzle Gam.mp3","Audio/Ambience","copied","Matched ambience keyword"
"audio_0056","02_forest_evening_ambience.mp3","BUX2\sound\renamed_suno_sounds\02_forest_evening_ambience.mp3","Assets\BUX\Audio\Ambience\02_forest_evening_ambience.mp3","Audio/Ambience","copied","Matched ambience keyword"
"audio_0102","03. Seamless Ambient Loop For A Cozy Magical Forest Mobile Match-3 Puzzle Gam.mp3","BUX2\sound\unsorted\03. Seamless Ambient Loop For A Cozy Magical Forest Mobile Match-3 Puzzle Gam.mp3","Assets\BUX\Audio\Ambience\03. Seamless Ambient Loop For A Cozy Magical Forest Mobile Match-3 Puzzle Gam.mp3","Audio/Ambience","copied","Matched ambience keyword"
"audio_0057","03_magic_clearing_ambience.mp3","BUX2\sound\renamed_suno_sounds\03_magic_clearing_ambience.mp3","Assets\BUX\Audio\Ambience\03_magic_clearing_ambience.mp3","Audio/Ambience","copied","Matched ambience keyword"
"audio_0103","04. Seamless Ambient Loop For A Cozy Magical Forest Mobile Match-3 Puzzle Gam.mp3","BUX2\sound\unsorted\04. Seamless Ambient Loop For A Cozy Magical Forest Mobile Match-3 Puzzle Gam.mp3","Assets\BUX\Audio\Ambience\04. Seamless Ambient Loop For A Cozy Magical Forest Mobile Match-3 Puzzle Gam.mp3","Audio/Ambience","copied","Matched ambience keyword"
"audio_0058","04_honey_hills_ambience.mp3","BUX2\sound\renamed_suno_sounds\04_honey_hills_ambience.mp3","Assets\BUX\Audio\Ambience\04_honey_hills_ambience.mp3","Audio/Ambience","copied","Matched ambience keyword"
"audio_0104","05. Seamless Ambient Loop For A Cozy Magical Forest Mobile Match-3 Puzzle Gam.mp3","BUX2\sound\unsorted\05. Seamless Ambient Loop For A Cozy Magical Forest Mobile Match-3 Puzzle Gam.mp3","Assets\BUX\Audio\Ambience\05. Seamless Ambient Loop For A Cozy Magical Forest Mobile Match-3 Puzzle Gam.mp3","Audio/Ambience","copied","Matched ambience keyword"
"audio_0059","05_bear_village_ambience.mp3","BUX2\sound\renamed_suno_sounds\05_bear_village_ambience.mp3","Assets\BUX\Audio\Ambience\05_bear_village_ambience.mp3","Audio/Ambience","copied","Matched ambience keyword"
"audio_0133","34. Seamless Ambient Loop For A Cozy Magical Forest Mobile Match-3 Puzzle Gam.mp3","BUX2\sound\unsorted\34. Seamless Ambient Loop For A Cozy Magical Forest Mobile Match-3 Puzzle Gam.mp3","Assets\BUX\Audio\Ambience\34. Seamless Ambient Loop For A Cozy Magical Forest Mobile Match-3 Puzzle Gam.mp3","Audio/Ambience","copied","Matched ambience keyword"
"audio_0088","34_forest_ambience_duplicate.mp3","BUX2\sound\renamed_suno_sounds\34_forest_ambience_duplicate.mp3","Assets\BUX\Audio\Ambience\34_forest_ambience_duplicate.mp3","Audio/Ambience","copied","Matched ambience keyword"
"audio_0060","06_main_menu_music.mp3","BUX2\sound\renamed_suno_sounds\06_main_menu_music.mp3","Assets\BUX\Audio\Music\06_main_menu_music.mp3","Audio/Music","copied","Matched music keyword"
"audio_0061","07_gameplay_calm_music.mp3","BUX2\sound\renamed_suno_sounds\07_gameplay_calm_music.mp3","Assets\BUX\Audio\Music\07_gameplay_calm_music.mp3","Audio/Music","copied","Matched music keyword"
"audio_0062","08_gameplay_challenge_music.mp3","BUX2\sound\renamed_suno_sounds\08_gameplay_challenge_music.mp3","Assets\BUX\Audio\Music\08_gameplay_challenge_music.mp3","Audio/Music","copied","Matched music keyword"
"audio_0063","09_low_moves_music.mp3","BUX2\sound\renamed_suno_sounds\09_low_moves_music.mp3","Assets\BUX\Audio\Music\09_low_moves_music.mp3","Audio/Music","copied","Matched music keyword"
"audio_0064","10_level_map_music.mp3","BUX2\sound\renamed_suno_sounds\10_level_map_music.mp3","Assets\BUX\Audio\Music\10_level_map_music.mp3","Audio/Music","copied","Matched music keyword"
"audio_0065","11_bear_village_music.mp3","BUX2\sound\renamed_suno_sounds\11_bear_village_music.mp3","Assets\BUX\Audio\Music\11_bear_village_music.mp3","Audio/Music","copied","Matched music keyword"
"audio_0066","12_wardrobe_music.mp3","BUX2\sound\renamed_suno_sounds\12_wardrobe_music.mp3","Assets\BUX\Audio\Music\12_wardrobe_music.mp3","Audio/Music","copied","Matched music keyword"
"audio_0067","13_friend_challenge_music.mp3","BUX2\sound\renamed_suno_sounds\13_friend_challenge_music.mp3","Assets\BUX\Audio\Music\13_friend_challenge_music.mp3","Audio/Music","copied","Matched music keyword"
"audio_0068","14_honey_harvest_music.mp3","BUX2\sound\renamed_suno_sounds\14_honey_harvest_music.mp3","Assets\BUX\Audio\Music\14_honey_harvest_music.mp3","Audio/Music","copied","Matched music keyword"
"audio_0085","31_main_menu_music_duplicate.mp3","BUX2\sound\renamed_suno_sounds\31_main_menu_music_duplicate.mp3","Assets\BUX\Audio\Music\31_main_menu_music_duplicate.mp3","Audio/Music","copied","Matched music keyword"
"audio_0131","32. Loopable Calm Gameplay Music For A Cozy Magical Forest Match-3 Puzzle Gam.mp3","BUX2\sound\unsorted\32. Loopable Calm Gameplay Music For A Cozy Magical Forest Match-3 Puzzle Gam.mp3","Assets\BUX\Audio\Music\32. Loopable Calm Gameplay Music For A Cozy Magical Forest Match-3 Puzzle Gam.mp3","Audio/Music","copied","Matched music keyword"
"audio_0086","32_gameplay_calm_music_duplicate.mp3","BUX2\sound\renamed_suno_sounds\32_gameplay_calm_music_duplicate.mp3","Assets\BUX\Audio\Music\32_gameplay_calm_music_duplicate.mp3","Audio/Music","copied","Matched music keyword"
"audio_0132","33. Loopable Level Map Music For A Cozy Magical Forest Match-3 Puzzle Game. A.mp3","BUX2\sound\unsorted\33. Loopable Level Map Music For A Cozy Magical Forest Match-3 Puzzle Game. A.mp3","Assets\BUX\Audio\Music\33. Loopable Level Map Music For A Cozy Magical Forest Match-3 Puzzle Game. A.mp3","Audio/Music","copied","Matched music keyword"
"audio_0087","33_level_map_music_duplicate.mp3","BUX2\sound\renamed_suno_sounds\33_level_map_music_duplicate.mp3","Assets\BUX\Audio\Music\33_level_map_music_duplicate.mp3","Audio/Music","copied","Matched music keyword"
"audio_0032","Covered Moss Crack. Create A Covered Moss Crack Sound, Soft Thick Vegetation.mp3","BUX2\sound\Blockers\Covered Moss Crack. Create A Covered Moss Crack Sound, Soft Thick Vegetation.mp3","Assets\BUX\Audio\SFX\Blockers\Covered Moss Crack. Create A Covered Moss Crack Sound, Soft Thick Vegetation.mp3","Audio/SFX/Blockers","copied","Matched blocker keyword"
"audio_0033","Covered Moss Layer Removed. Create A Covered Moss Layer Removal Sound, Thick.mp3","BUX2\sound\Blockers\Covered Moss Layer Removed. Create A Covered Moss Layer Removal Sound, Thick.mp3","Assets\BUX\Audio\SFX\Blockers\Covered Moss Layer Removed. Create A Covered Moss Layer Removal Sound, Thick.mp3","Audio/SFX/Blockers","copied","Matched blocker keyword"
"audio_0034","Ice Break. Create An Ice Blocker Break Sound, Delicate Ice Shards Cracking An.mp3","BUX2\sound\Blockers\Ice Break. Create An Ice Blocker Break Sound, Delicate Ice Shards Cracking An.mp3","Assets\BUX\Audio\SFX\Blockers\Ice Break. Create An Ice Blocker Break Sound, Delicate Ice Shards Cracking An.mp3","Audio/SFX/Blockers","copied","Matched blocker keyword"
"audio_0035","Ice Hit. Create An Ice Blocker Hit Sound For A Cozy Puzzle Game, Light Crysta.mp3","BUX2\sound\Blockers\Ice Hit. Create An Ice Blocker Hit Sound For A Cozy Puzzle Game, Light Crysta.mp3","Assets\BUX\Audio\SFX\Blockers\Ice Hit. Create An Ice Blocker Hit Sound For A Cozy Puzzle Game, Light Crysta.mp3","Audio/SFX/Blockers","copied","Matched blocker keyword"
"audio_0036","Pebble Break. Create A Pebble Blocker Break Sound, Small Stone Crack And Crum.mp3","BUX2\sound\Blockers\Pebble Break. Create A Pebble Blocker Break Sound, Small Stone Crack And Crum.mp3","Assets\BUX\Audio\SFX\Blockers\Pebble Break. Create A Pebble Blocker Break Sound, Small Stone Crack And Crum.mp3","Audio/SFX/Blockers","copied","Matched blocker keyword"
"audio_0037","Pebble Hit. Create A Pebble Blocker Hit Sound, Small Rounded Stone Impact Wit.mp3","BUX2\sound\Blockers\Pebble Hit. Create A Pebble Blocker Hit Sound, Small Rounded Stone Impact Wit.mp3","Assets\BUX\Audio\SFX\Blockers\Pebble Hit. Create A Pebble Blocker Hit Sound, Small Rounded Stone Impact Wit.mp3","Audio/SFX/Blockers","copied","Matched blocker keyword"
"audio_0038","Vine Cut. Create A Vine Blocker Cut Sound, Soft Plant Fiber Snap With Leafy R.mp3","BUX2\sound\Blockers\Vine Cut. Create A Vine Blocker Cut Sound, Soft Plant Fiber Snap With Leafy R.mp3","Assets\BUX\Audio\SFX\Blockers\Vine Cut. Create A Vine Blocker Cut Sound, Soft Plant Fiber Snap With Leafy R.mp3","Audio/SFX/Blockers","copied","Matched blocker keyword"
"audio_0039","Vine Hit. Create A Vine Blocker Hit Sound, Soft Plant Fiber Tension With Leaf.mp3","BUX2\sound\Blockers\Vine Hit. Create A Vine Blocker Hit Sound, Soft Plant Fiber Tension With Leaf.mp3","Assets\BUX\Audio\SFX\Blockers\Vine Hit. Create A Vine Blocker Hit Sound, Soft Plant Fiber Tension With Leaf.mp3","Audio/SFX/Blockers","copied","Matched blocker keyword"
"audio_0005","Board Hint. Create A Soft Hint Sound For A Cozy Match-3 Puzzle Game, Gentle S.mp3","BUX2\sound\Board Hint. Create A Soft Hint Sound For A Cozy Match-3 Puzzle Game, Gentle S.mp3","Assets\BUX\Audio\SFX\Board\Board Hint. Create A Soft Hint Sound For A Cozy Match-3 Puzzle Game, Gentle S.mp3","Audio/SFX/Board","copied","Matched board keyword"
"audio_0006","Board Shuffle. Create A Board Shuffle Sound For A Cozy Forest Match-3 Game, M.mp3","BUX2\sound\Board Shuffle. Create A Board Shuffle Sound For A Cozy Forest Match-3 Game, M.mp3","Assets\BUX\Audio\SFX\Board\Board Shuffle. Create A Board Shuffle Sound For A Cozy Forest Match-3 Game, M.mp3","Audio/SFX/Board","copied","Matched board keyword"
"audio_0013","Invalid Tile Swap. Create A Friendly Invalid Move Sound For A Cozy Mobile Puz.mp3","BUX2\sound\Invalid Tile Swap. Create A Friendly Invalid Move Sound For A Cozy Mobile Puz.mp3","Assets\BUX\Audio\SFX\Board\Invalid Tile Swap. Create A Friendly Invalid Move Sound For A Cozy Mobile Puz.mp3","Audio/SFX/Board","copied","Matched board keyword"
"audio_0023","Tile Deselect. Create A Very Short Tile Deselect Sound For A Cozy Match-3 For.mp3","BUX2\sound\Tile Deselect. Create A Very Short Tile Deselect Sound For A Cozy Match-3 For.mp3","Assets\BUX\Audio\SFX\Board\Tile Deselect. Create A Very Short Tile Deselect Sound For A Cozy Match-3 For.mp3","Audio/SFX/Board","copied","Matched board keyword"
"audio_0024","Tile Falling. Create A Soft Tile Falling Sound For A Cozy Match-3 Puzzle Game.mp3","BUX2\sound\Tile Falling. Create A Soft Tile Falling Sound For A Cozy Match-3 Puzzle Game.mp3","Assets\BUX\Audio\SFX\Board\Tile Falling. Create A Soft Tile Falling Sound For A Cozy Match-3 Puzzle Game.mp3","Audio/SFX/Board","copied","Matched board keyword"
"audio_0025","Tile Landing. Create A Soft Tile Landing Sound For A Cozy Match-3 Game, Round.mp3","BUX2\sound\Tile Landing. Create A Soft Tile Landing Sound For A Cozy Match-3 Game, Round.mp3","Assets\BUX\Audio\SFX\Board\Tile Landing. Create A Soft Tile Landing Sound For A Cozy Match-3 Game, Round.mp3","Audio/SFX/Board","copied","Matched board keyword"
"audio_0026","Tile Return. Create A Short Tile Return Sound For An Invalid Match-3 Swap, So.mp3","BUX2\sound\Tile Return. Create A Short Tile Return Sound For An Invalid Match-3 Swap, So.mp3","Assets\BUX\Audio\SFX\Board\Tile Return. Create A Short Tile Return Sound For An Invalid Match-3 Swap, So.mp3","Audio/SFX/Board","copied","Matched board keyword"
"audio_0027","Tile Select. Create A Very Short Tile Selection Sound For A Cozy Match-3 Fore.mp3","BUX2\sound\Tile Select. Create A Very Short Tile Selection Sound For A Cozy Match-3 Fore.mp3","Assets\BUX\Audio\SFX\Board\Tile Select. Create A Very Short Tile Selection Sound For A Cozy Match-3 Fore.mp3","Audio/SFX/Board","copied","Matched board keyword"
"audio_0028","Tile Swap. Create A Short Tile Swap Sound For A Match-3 Mobile Game, Gentle S.mp3","BUX2\sound\Tile Swap. Create A Short Tile Swap Sound For A Match-3 Mobile Game, Gentle S.mp3","Assets\BUX\Audio\SFX\Board\Tile Swap. Create A Short Tile Swap Sound For A Match-3 Mobile Game, Gentle S.mp3","Audio/SFX/Board","copied","Matched board keyword"
"audio_0029","Valid Tile Swap. Create A Short Valid Tile Swap Sound For A Cozy Match-3 Game.mp3","BUX2\sound\Valid Tile Swap. Create A Short Valid Tile Swap Sound For A Cozy Match-3 Game.mp3","Assets\BUX\Audio\SFX\Board\Valid Tile Swap. Create A Short Valid Tile Swap Sound For A Cozy Match-3 Game.mp3","Audio/SFX/Board","copied","Matched board keyword"
"audio_0123","24. Short Friend Challenge Sent Sound For A Cozy Magical Forest Puzzle Game.mp3","BUX2\sound\unsorted\24. Short Friend Challenge Sent Sound For A Cozy Magical Forest Puzzle Game.mp3","Assets\BUX\Audio\SFX\Challenge\24. Short Friend Challenge Sent Sound For A Cozy Magical Forest Puzzle Game.mp3","Audio/SFX/Challenge","copied","Matched challenge keyword"
"audio_0078","24_challenge_sent.mp3","BUX2\sound\renamed_suno_sounds\24_challenge_sent.mp3","Assets\BUX\Audio\SFX\Challenge\24_challenge_sent.mp3","Audio/SFX/Challenge","copied","Matched challenge keyword"
"audio_0124","25. Short Friend Challenge Received Notification For A Cozy Magical Forest Pu.mp3","BUX2\sound\unsorted\25. Short Friend Challenge Received Notification For A Cozy Magical Forest Pu.mp3","Assets\BUX\Audio\SFX\Challenge\25. Short Friend Challenge Received Notification For A Cozy Magical Forest Pu.mp3","Audio/SFX/Challenge","copied","Matched challenge keyword"
"audio_0079","25_challenge_received.mp3","BUX2\sound\renamed_suno_sounds\25_challenge_received.mp3","Assets\BUX\Audio\SFX\Challenge\25_challenge_received.mp3","Audio/SFX/Challenge","copied","Matched challenge keyword"
"audio_0125","26. Short Friend Challenge Win Stinger For A Cozy Magical Forest Puzzle Game.mp3","BUX2\sound\unsorted\26. Short Friend Challenge Win Stinger For A Cozy Magical Forest Puzzle Game.mp3","Assets\BUX\Audio\SFX\Challenge\26. Short Friend Challenge Win Stinger For A Cozy Magical Forest Puzzle Game.mp3","Audio/SFX/Challenge","copied","Matched challenge keyword"
"audio_0080","26_challenge_win.mp3","BUX2\sound\renamed_suno_sounds\26_challenge_win.mp3","Assets\BUX\Audio\SFX\Challenge\26_challenge_win.mp3","Audio/SFX/Challenge","copied","Matched challenge keyword"
"audio_0126","27. Short Friend Challenge Lose Stinger For A Cozy Magical Forest Puzzle Game.mp3","BUX2\sound\unsorted\27. Short Friend Challenge Lose Stinger For A Cozy Magical Forest Puzzle Game.mp3","Assets\BUX\Audio\SFX\Challenge\27. Short Friend Challenge Lose Stinger For A Cozy Magical Forest Puzzle Game.mp3","Audio/SFX/Challenge","copied","Matched challenge keyword"
"audio_0081","27_challenge_lose.mp3","BUX2\sound\renamed_suno_sounds\27_challenge_lose.mp3","Assets\BUX\Audio\SFX\Challenge\27_challenge_lose.mp3","Audio/SFX/Challenge","copied","Matched challenge keyword"
"audio_0127","28. Short Companion Bear Happy Reaction Sound For A Cozy Magical Forest Puzzl.mp3","BUX2\sound\unsorted\28. Short Companion Bear Happy Reaction Sound For A Cozy Magical Forest Puzzl.mp3","Assets\BUX\Audio\SFX\Companion\28. Short Companion Bear Happy Reaction Sound For A Cozy Magical Forest Puzzl.mp3","Audio/SFX/Companion","copied","Matched companion keyword"
"audio_0082","28_bear_happy.mp3","BUX2\sound\renamed_suno_sounds\28_bear_happy.mp3","Assets\BUX\Audio\SFX\Companion\28_bear_happy.mp3","Audio/SFX/Companion","copied","Matched companion keyword"
"audio_0128","29. Short Companion Bear Victory Reaction Sound For A Cozy Magical Forest Puz.mp3","BUX2\sound\unsorted\29. Short Companion Bear Victory Reaction Sound For A Cozy Magical Forest Puz.mp3","Assets\BUX\Audio\SFX\Companion\29. Short Companion Bear Victory Reaction Sound For A Cozy Magical Forest Puz.mp3","Audio/SFX/Companion","copied","Matched companion keyword"
"audio_0083","29_bear_victory.mp3","BUX2\sound\renamed_suno_sounds\29_bear_victory.mp3","Assets\BUX\Audio\SFX\Companion\29_bear_victory.mp3","Audio/SFX/Companion","copied","Matched companion keyword"
"audio_0129","30. Short Companion Bear Worried Reaction Sound For A Cozy Magical Forest Puz.mp3","BUX2\sound\unsorted\30. Short Companion Bear Worried Reaction Sound For A Cozy Magical Forest Puz.mp3","Assets\BUX\Audio\SFX\Companion\30. Short Companion Bear Worried Reaction Sound For A Cozy Magical Forest Puz.mp3","Audio/SFX/Companion","copied","Matched companion keyword"
"audio_0084","30_bear_worried.mp3","BUX2\sound\renamed_suno_sounds\30_bear_worried.mp3","Assets\BUX\Audio\SFX\Companion\30_bear_worried.mp3","Audio/SFX/Companion","copied","Matched companion keyword"
"audio_0040","Bear Paw Impact. Create A Short Bear Paw Impact Sound, Soft Padded Impact Wit.mp3","BUX2\sound\Helper  character tiles\Bear Paw Impact. Create A Short Bear Paw Impact Sound, Soft Padded Impact Wit.mp3","Assets\BUX\Audio\SFX\Companion\Bear Paw Impact. Create A Short Bear Paw Impact Sound, Soft Padded Impact Wit.mp3","Audio/SFX/Companion","copied","Matched companion keyword"
"audio_0041","Bear Paw Swipe. Create A Bear Paw Swipe Sound For A Cozy Match-3 Game, Soft F.mp3","BUX2\sound\Helper  character tiles\Bear Paw Swipe. Create A Bear Paw Swipe Sound For A Cozy Match-3 Game, Soft F.mp3","Assets\BUX\Audio\SFX\Companion\Bear Paw Swipe. Create A Bear Paw Swipe Sound For A Cozy Match-3 Game, Soft F.mp3","Audio/SFX/Companion","copied","Matched companion keyword"
"audio_0042","Bear Tile Match. Create A Short Bear Helper Tile Match Sound For A Cozy Fores.mp3","BUX2\sound\Helper  character tiles\Bear Tile Match. Create A Short Bear Helper Tile Match Sound For A Cozy Fores.mp3","Assets\BUX\Audio\SFX\Companion\Bear Tile Match. Create A Short Bear Helper Tile Match Sound For A Cozy Fores.mp3","Audio/SFX/Companion","copied","Matched companion keyword"
"audio_0043","Bee Fly To Target. Create A Short Bee Flying Helper Sound, Gentle Tiny Wing B.mp3","BUX2\sound\Helper  character tiles\Bee Fly To Target. Create A Short Bee Flying Helper Sound, Gentle Tiny Wing B.mp3","Assets\BUX\Audio\SFX\Companion\Bee Fly To Target. Create A Short Bee Flying Helper Sound, Gentle Tiny Wing B.mp3","Audio/SFX/Companion","copied","Matched companion keyword"
"audio_0045","Bee Pollinate. Create A Short Bee Pollination Sound, Soft Pollen Sparkle Burs.mp3","BUX2\sound\Helper  character tiles\Bee Pollinate. Create A Short Bee Pollination Sound, Soft Pollen Sparkle Burs.mp3","Assets\BUX\Audio\SFX\Companion\Bee Pollinate. Create A Short Bee Pollination Sound, Soft Pollen Sparkle Burs.mp3","Audio/SFX/Companion","copied","Matched companion keyword"
"audio_0046","Bee Tile Match. Create A Short Bee Tile Match Sound, Tiny Friendly Bee Buzz W.mp3","BUX2\sound\Helper  character tiles\Bee Tile Match. Create A Short Bee Tile Match Sound, Tiny Friendly Bee Buzz W.mp3","Assets\BUX\Audio\SFX\Companion\Bee Tile Match. Create A Short Bee Tile Match Sound, Tiny Friendly Bee Buzz W.mp3","Audio/SFX/Companion","copied","Matched companion keyword"
"audio_0117","18. Short Objective Complete Stinger For A Cozy Magical Forest Match-3 Game.mp3","BUX2\sound\unsorted\18. Short Objective Complete Stinger For A Cozy Magical Forest Match-3 Game.mp3","Assets\BUX\Audio\SFX\Objectives\18. Short Objective Complete Stinger For A Cozy Magical Forest Match-3 Game.mp3","Audio/SFX/Objectives","copied","Matched objective keyword"
"audio_0072","18_objective_complete.mp3","BUX2\sound\renamed_suno_sounds\18_objective_complete.mp3","Assets\BUX\Audio\SFX\Objectives\18_objective_complete.mp3","Audio/SFX/Objectives","copied","Matched objective keyword"
"audio_0047","Acorn Nest Complete. Create An Acorn Nest Objective Complete Sound, Warm Natu.mp3","BUX2\sound\objectives\Acorn Nest Complete. Create An Acorn Nest Objective Complete Sound, Warm Natu.mp3","Assets\BUX\Audio\SFX\Objectives\Acorn Nest Complete. Create An Acorn Nest Objective Complete Sound, Warm Natu.mp3","Audio/SFX/Objectives","copied","Matched objective keyword"
"audio_0048","Acorn Nest Fill. Create An Acorn Nest Fill Sound, Small Acorns Dropping Into.mp3","BUX2\sound\objectives\Acorn Nest Fill. Create An Acorn Nest Fill Sound, Small Acorns Dropping Into.mp3","Assets\BUX\Audio\SFX\Objectives\Acorn Nest Fill. Create An Acorn Nest Fill Sound, Small Acorns Dropping Into.mp3","Audio/SFX/Objectives","copied","Matched objective keyword"
"audio_0049","Basket Collect. Create A Basket Collect Sound For A Cozy Match-3 Game, Small.mp3","BUX2\sound\objectives\Basket Collect. Create A Basket Collect Sound For A Cozy Match-3 Game, Small.mp3","Assets\BUX\Audio\SFX\Objectives\Basket Collect. Create A Basket Collect Sound For A Cozy Match-3 Game, Small.mp3","Audio/SFX/Objectives","copied","Matched objective keyword"
"audio_0050","Basket Complete. Create A Basket Objective Complete Sound, Warm Little Chime.mp3","BUX2\sound\objectives\Basket Complete. Create A Basket Objective Complete Sound, Warm Little Chime.mp3","Assets\BUX\Audio\SFX\Objectives\Basket Complete. Create A Basket Objective Complete Sound, Warm Little Chime.mp3","Audio/SFX/Objectives","copied","Matched objective keyword"
"audio_0051","Basket Fill. Create A Basket Fill Sound, Several Tiny Fruit Pieces Settling I.mp3","BUX2\sound\objectives\Basket Fill. Create A Basket Fill Sound, Several Tiny Fruit Pieces Settling I.mp3","Assets\BUX\Audio\SFX\Objectives\Basket Fill. Create A Basket Fill Sound, Several Tiny Fruit Pieces Settling I.mp3","Audio/SFX/Objectives","copied","Matched objective keyword"
"audio_0044","Bee Honey Hit. Create A Short Bee Honey Hit Sound, Tiny Friendly Buzz Landing.mp3","BUX2\sound\Helper  character tiles\Bee Honey Hit. Create A Short Bee Honey Hit Sound, Tiny Friendly Buzz Landing.mp3","Assets\BUX\Audio\SFX\Objectives\Bee Honey Hit. Create A Short Bee Honey Hit Sound, Tiny Friendly Buzz Landing.mp3","Audio/SFX/Objectives","copied","Matched objective keyword"
"audio_0052","Honey Collect. Create A Honey Collect Sound, Warm Sticky Honey Swirl With Sof.mp3","BUX2\sound\objectives\Honey Collect. Create A Honey Collect Sound, Warm Sticky Honey Swirl With Sof.mp3","Assets\BUX\Audio\SFX\Objectives\Honey Collect. Create A Honey Collect Sound, Warm Sticky Honey Swirl With Sof.mp3","Audio/SFX/Objectives","copied","Matched objective keyword"
"audio_0053","Honey Pot Hit. Create A Honey Pot Hit Sound, Soft Ceramic Tap With Sticky Hon.mp3","BUX2\sound\objectives\Honey Pot Hit. Create A Honey Pot Hit Sound, Soft Ceramic Tap With Sticky Hon.mp3","Assets\BUX\Audio\SFX\Objectives\Honey Pot Hit. Create A Honey Pot Hit Sound, Soft Ceramic Tap With Sticky Hon.mp3","Audio/SFX/Objectives","copied","Matched objective keyword"
"audio_0054","Honey Pot Open. Create A Honey Pot Opening Sound, Small Ceramic Lid Pop With.mp3","BUX2\sound\objectives\Honey Pot Open. Create A Honey Pot Opening Sound, Small Ceramic Lid Pop With.mp3","Assets\BUX\Audio\SFX\Objectives\Honey Pot Open. Create A Honey Pot Opening Sound, Small Ceramic Lid Pop With.mp3","Audio/SFX/Objectives","copied","Matched objective keyword"
"audio_0116","17. Short Level Start Stinger For A Cozy Magical Forest Match-3 Game. Light M.mp3","BUX2\sound\unsorted\17. Short Level Start Stinger For A Cozy Magical Forest Match-3 Game. Light M.mp3","Assets\BUX\Audio\SFX\Rewards\17. Short Level Start Stinger For A Cozy Magical Forest Match-3 Game. Light M.mp3","Audio/SFX/Rewards","copied","Matched reward keyword"
"audio_0071","17_level_start.mp3","BUX2\sound\renamed_suno_sounds\17_level_start.mp3","Assets\BUX\Audio\SFX\Rewards\17_level_start.mp3","Audio/SFX/Rewards","copied","Matched reward keyword"
"audio_0121","22. Short Coin Collect Sound For A Cozy Magical Forest Mobile Puzzle Game. So.mp3","BUX2\sound\unsorted\22. Short Coin Collect Sound For A Cozy Magical Forest Mobile Puzzle Game. So.mp3","Assets\BUX\Audio\SFX\Rewards\22. Short Coin Collect Sound For A Cozy Magical Forest Mobile Puzzle Game. So.mp3","Audio/SFX/Rewards","copied","Matched reward keyword"
"audio_0076","22_coin_collect.mp3","BUX2\sound\renamed_suno_sounds\22_coin_collect.mp3","Assets\BUX\Audio\SFX\Rewards\22_coin_collect.mp3","Audio/SFX/Rewards","copied","Matched reward keyword"
"audio_0122","23. Short Star Appear Sound For A Cozy Magical Forest Puzzle Game. Gentle Mag.mp3","BUX2\sound\unsorted\23. Short Star Appear Sound For A Cozy Magical Forest Puzzle Game. Gentle Mag.mp3","Assets\BUX\Audio\SFX\Rewards\23. Short Star Appear Sound For A Cozy Magical Forest Puzzle Game. Gentle Mag.mp3","Audio/SFX/Rewards","copied","Matched reward keyword"
"audio_0077","23_star_appear.mp3","BUX2\sound\renamed_suno_sounds\23_star_appear.mp3","Assets\BUX\Audio\SFX\Rewards\23_star_appear.mp3","Audio/SFX/Rewards","copied","Matched reward keyword"
"audio_0020","Rare Chest Open. Create A Rare Reward Chest Opening Sound, Richer Wooden Ches.mp3","BUX2\sound\Rare Chest Open. Create A Rare Reward Chest Opening Sound, Richer Wooden Ches.mp3","Assets\BUX\Audio\SFX\Rewards\Rare Chest Open. Create A Rare Reward Chest Opening Sound, Richer Wooden Ches.mp3","Audio/SFX/Rewards","copied","Matched reward keyword"
"audio_0119","20. Short Special Tile Created Sound For A Match-4 In A Cozy Magical Forest P.mp3","BUX2\sound\unsorted\20. Short Special Tile Created Sound For A Match-4 In A Cozy Magical Forest P.mp3","Assets\BUX\Audio\SFX\Specials\20. Short Special Tile Created Sound For A Match-4 In A Cozy Magical Forest P.mp3","Audio/SFX/Specials","copied","Matched special keyword"
"audio_0074","20_match_4_special_created.mp3","BUX2\sound\renamed_suno_sounds\20_match_4_special_created.mp3","Assets\BUX\Audio\SFX\Specials\20_match_4_special_created.mp3","Audio/SFX/Specials","copied","Matched special keyword"
"audio_0120","21. Short Rare Special Tile Created Sound For A Match-5 In A Cozy Magical For.mp3","BUX2\sound\unsorted\21. Short Rare Special Tile Created Sound For A Match-5 In A Cozy Magical For.mp3","Assets\BUX\Audio\SFX\Specials\21. Short Rare Special Tile Created Sound For A Match-5 In A Cozy Magical For.mp3","Audio/SFX/Specials","copied","Matched special keyword"
"audio_0075","21_match_5_special_created.mp3","BUX2\sound\renamed_suno_sounds\21_match_5_special_created.mp3","Assets\BUX\Audio\SFX\Specials\21_match_5_special_created.mp3","Audio/SFX/Specials","copied","Matched special keyword"
"audio_0089","Berry Bomb Charge. Create A Berry Bomb Charge Sound For A Cozy Match-3 Game,.mp3","BUX2\sound\specials\Berry Bomb Charge. Create A Berry Bomb Charge Sound For A Cozy Match-3 Game,.mp3","Assets\BUX\Audio\SFX\Specials\Berry Bomb Charge. Create A Berry Bomb Charge Sound For A Cozy Match-3 Game,.mp3","Audio/SFX/Specials","copied","Matched special keyword"
"audio_0090","Berry Bomb Explosion. Create A Berry Bomb Explosion Sound, Juicy Fruit Burst.mp3","BUX2\sound\specials\Berry Bomb Explosion. Create A Berry Bomb Explosion Sound, Juicy Fruit Burst.mp3","Assets\BUX\Audio\SFX\Specials\Berry Bomb Explosion. Create A Berry Bomb Explosion Sound, Juicy Fruit Burst.mp3","Audio/SFX/Specials","copied","Matched special keyword"
"audio_0091","Rainbow Flower Bloom. Create A Rainbow Flower Activation Sound, Large Magical.mp3","BUX2\sound\specials\Rainbow Flower Bloom. Create A Rainbow Flower Activation Sound, Large Magical.mp3","Assets\BUX\Audio\SFX\Specials\Rainbow Flower Bloom. Create A Rainbow Flower Activation Sound, Large Magical.mp3","Audio/SFX/Specials","copied","Matched special keyword"
"audio_0092","Rainbow Flower Cleanse Hit. Create A Rainbow Flower Cleanse Hit Sound, Warm M.mp3","BUX2\sound\specials\Rainbow Flower Cleanse Hit. Create A Rainbow Flower Cleanse Hit Sound, Warm M.mp3","Assets\BUX\Audio\SFX\Specials\Rainbow Flower Cleanse Hit. Create A Rainbow Flower Cleanse Hit Sound, Warm M.mp3","Audio/SFX/Specials","copied","Matched special keyword"
"audio_0093","Rainbow Orb Charge. Create A Rainbow Orb Charge Sound, Premium Magical Rising.mp3","BUX2\sound\specials\Rainbow Orb Charge. Create A Rainbow Orb Charge Sound, Premium Magical Rising.mp3","Assets\BUX\Audio\SFX\Specials\Rainbow Orb Charge. Create A Rainbow Orb Charge Sound, Premium Magical Rising.mp3","Audio/SFX/Specials","copied","Matched special keyword"
"audio_0094","Rainbow Orb Clear. Create A Rainbow Full Color Clear Sound For A Cozy Match-3.mp3","BUX2\sound\specials\Rainbow Orb Clear. Create A Rainbow Full Color Clear Sound For A Cozy Match-3.mp3","Assets\BUX\Audio\SFX\Specials\Rainbow Orb Clear. Create A Rainbow Full Color Clear Sound For A Cozy Match-3.mp3","Audio/SFX/Specials","copied","Matched special keyword"
"audio_0095","Rocket Charge. Create A Striped Berry Rocket Charge Sound, Playful Tiny Rocke.mp3","BUX2\sound\specials\Rocket Charge. Create A Striped Berry Rocket Charge Sound, Playful Tiny Rocke.mp3","Assets\BUX\Audio\SFX\Specials\Rocket Charge. Create A Striped Berry Rocket Charge Sound, Playful Tiny Rocke.mp3","Audio/SFX/Specials","copied","Matched special keyword"
"audio_0096","Rocket Fire Horizontal. Create A Horizontal Rocket Fire Sound For A Cozy Matc.mp3","BUX2\sound\specials\Rocket Fire Horizontal. Create A Horizontal Rocket Fire Sound For A Cozy Matc.mp3","Assets\BUX\Audio\SFX\Specials\Rocket Fire Horizontal. Create A Horizontal Rocket Fire Sound For A Cozy Matc.mp3","Audio/SFX/Specials","copied","Matched special keyword"
"audio_0097","Rocket Fire Vertical. Create A Vertical Rocket Fire Sound For A Cozy Match-3.mp3","BUX2\sound\specials\Rocket Fire Vertical. Create A Vertical Rocket Fire Sound For A Cozy Match-3.mp3","Assets\BUX\Audio\SFX\Specials\Rocket Fire Vertical. Create A Vertical Rocket Fire Sound For A Cozy Match-3.mp3","Audio/SFX/Specials","copied","Matched special keyword"
"audio_0098","Super Berry Activate. Create A Super Berry Activation Sound, Powerful Juicy B.mp3","BUX2\sound\specials\Super Berry Activate. Create A Super Berry Activation Sound, Powerful Juicy B.mp3","Assets\BUX\Audio\SFX\Specials\Super Berry Activate. Create A Super Berry Activation Sound, Powerful Juicy B.mp3","Audio/SFX/Specials","copied","Matched special keyword"
"audio_0099","Super Berry Cross Beam. Create A Super Berry Cross Beam Sound, Bright Juicy E.mp3","BUX2\sound\specials\Super Berry Cross Beam. Create A Super Berry Cross Beam Sound, Bright Juicy E.mp3","Assets\BUX\Audio\SFX\Specials\Super Berry Cross Beam. Create A Super Berry Cross Beam Sound, Bright Juicy E.mp3","Audio/SFX/Specials","copied","Matched special keyword"
"audio_0001","Acorn Collect. Create A Short Acorn Collect Sound, Small Acorn Dropping Into.mp3","BUX2\sound\Acorn Collect. Create A Short Acorn Collect Sound, Small Acorn Dropping Into.mp3","Assets\BUX\Audio\SFX\Tiles\Acorn Collect. Create A Short Acorn Collect Sound, Small Acorn Dropping Into.mp3","Audio/SFX/Tiles","copied","Matched tile keyword"
"audio_0002","Acorn Match. Create A Short Acorn Match Sound, Small Wooden Nut Crack And Sof.mp3","BUX2\sound\Acorn Match. Create A Short Acorn Match Sound, Small Wooden Nut Crack And Sof.mp3","Assets\BUX\Audio\SFX\Tiles\Acorn Match. Create A Short Acorn Match Sound, Small Wooden Nut Crack And Sof.mp3","Audio/SFX/Tiles","copied","Matched tile keyword"
"audio_0003","Blueberry Cascade Bonus. Create A Short Blueberry Cascade Bonus Sound, Bouncy.mp3","BUX2\sound\Blueberry Cascade Bonus. Create A Short Blueberry Cascade Bonus Sound, Bouncy.mp3","Assets\BUX\Audio\SFX\Tiles\Blueberry Cascade Bonus. Create A Short Blueberry Cascade Bonus Sound, Bouncy.mp3","Audio/SFX/Tiles","copied","Matched tile keyword"
"audio_0004","Blueberry Match. Create A Short Blueberry Match Sound, Round Bouncy Berry Pop.mp3","BUX2\sound\Blueberry Match. Create A Short Blueberry Match Sound, Round Bouncy Berry Pop.mp3","Assets\BUX\Audio\SFX\Tiles\Blueberry Match. Create A Short Blueberry Match Sound, Round Bouncy Berry Pop.mp3","Audio/SFX/Tiles","copied","Matched tile keyword"
"audio_0011","Green Leaf Match. Create A Short Green Leaf Match Sound For A Cozy Magical Fo.mp3","BUX2\sound\Green Leaf Match. Create A Short Green Leaf Match Sound For A Cozy Magical Fo.mp3","Assets\BUX\Audio\SFX\Tiles\Green Leaf Match. Create A Short Green Leaf Match Sound For A Cozy Magical Fo.mp3","Audio/SFX/Tiles","copied","Matched tile keyword"
"audio_0012","Green Leaf Wind Swirl. Create A Short Leaf Wind Swirl Sound, Gentle Spinning.mp3","BUX2\sound\Green Leaf Wind Swirl. Create A Short Leaf Wind Swirl Sound, Gentle Spinning.mp3","Assets\BUX\Audio\SFX\Tiles\Green Leaf Wind Swirl. Create A Short Leaf Wind Swirl Sound, Gentle Spinning.mp3","Audio/SFX/Tiles","copied","Matched tile keyword"
"audio_0014","Mushroom Match. Create A Short Mushroom Match Sound For A Cozy Forest Puzzle.mp3","BUX2\sound\Mushroom Match. Create A Short Mushroom Match Sound For A Cozy Forest Puzzle.mp3","Assets\BUX\Audio\SFX\Tiles\Mushroom Match. Create A Short Mushroom Match Sound For A Cozy Forest Puzzle.mp3","Audio/SFX/Tiles","copied","Matched tile keyword"
"audio_0015","Mushroom Spore Puff. Create A Short Mushroom Spore Puff Sound, Soft Airy Puff.mp3","BUX2\sound\Mushroom Spore Puff. Create A Short Mushroom Spore Puff Sound, Soft Airy Puff.mp3","Assets\BUX\Audio\SFX\Tiles\Mushroom Spore Puff. Create A Short Mushroom Spore Puff Sound, Soft Airy Puff.mp3","Audio/SFX/Tiles","copied","Matched tile keyword"
"audio_0016","Pink Flower Cleanse. Create A Short Flower Cleanse Sound, Soft Pollen Sparkle.mp3","BUX2\sound\Pink Flower Cleanse. Create A Short Flower Cleanse Sound, Soft Pollen Sparkle.mp3","Assets\BUX\Audio\SFX\Tiles\Pink Flower Cleanse. Create A Short Flower Cleanse Sound, Soft Pollen Sparkle.mp3","Audio/SFX/Tiles","copied","Matched tile keyword"
"audio_0017","Pink Flower Match. Create A Short Pink Flower Match Sound, Soft Bloom Opening.mp3","BUX2\sound\Pink Flower Match. Create A Short Pink Flower Match Sound, Soft Bloom Opening.mp3","Assets\BUX\Audio\SFX\Tiles\Pink Flower Match. Create A Short Pink Flower Match Sound, Soft Bloom Opening.mp3","Audio/SFX/Tiles","copied","Matched tile keyword"
"audio_0021","Red Berry Collect. Create A Short Red Berry Collect Sound For A Cozy Puzzle G.mp3","BUX2\sound\Red Berry Collect. Create A Short Red Berry Collect Sound For A Cozy Puzzle G.mp3","Assets\BUX\Audio\SFX\Tiles\Red Berry Collect. Create A Short Red Berry Collect Sound For A Cozy Puzzle G.mp3","Audio/SFX/Tiles","copied","Matched tile keyword"
"audio_0022","Red Berry Match. Create A Short Red Berry Match Sound For A Cozy Match-3 Game.mp3","BUX2\sound\Red Berry Match. Create A Short Red Berry Match Sound For A Cozy Match-3 Game.mp3","Assets\BUX\Audio\SFX\Tiles\Red Berry Match. Create A Short Red Berry Match Sound For A Cozy Match-3 Game.mp3","Audio/SFX/Tiles","copied","Matched tile keyword"
"audio_0030","White Daisy Cleanse. Create A Short White Daisy Cleanse Sound, Pure Soft Chim.mp3","BUX2\sound\White Daisy Cleanse. Create A Short White Daisy Cleanse Sound, Pure Soft Chim.mp3","Assets\BUX\Audio\SFX\Tiles\White Daisy Cleanse. Create A Short White Daisy Cleanse Sound, Pure Soft Chim.mp3","Audio/SFX/Tiles","copied","Matched tile keyword"
"audio_0031","White Daisy Match. Create A Short White Daisy Match Sound, Clean Gentle Spark.mp3","BUX2\sound\White Daisy Match. Create A Short White Daisy Match Sound, Clean Gentle Spark.mp3","Assets\BUX\Audio\SFX\Tiles\White Daisy Match. Create A Short White Daisy Match Sound, Clean Gentle Spark.mp3","Audio/SFX/Tiles","copied","Matched tile keyword"
"audio_0069","15_level_win.mp3","BUX2\sound\renamed_suno_sounds\15_level_win.mp3","Assets\BUX\Audio\SFX\UI\15_level_win.mp3","Audio/SFX/UI","copied","Matched UI keyword"
"audio_0115","16. Short Gentle Level Failed Stinger For A Cozy Magical Forest Match-3 Game.mp3","BUX2\sound\unsorted\16. Short Gentle Level Failed Stinger For A Cozy Magical Forest Match-3 Game.mp3","Assets\BUX\Audio\SFX\UI\16. Short Gentle Level Failed Stinger For A Cozy Magical Forest Match-3 Game.mp3","Audio/SFX/UI","copied","Matched UI keyword"
"audio_0070","16_level_failed.mp3","BUX2\sound\renamed_suno_sounds\16_level_failed.mp3","Assets\BUX\Audio\SFX\UI\16_level_failed.mp3","Audio/SFX/UI","copied","Matched UI keyword"
"audio_0118","19. Short Low Moves Warning Sound For A Cozy Magical Forest Match-3 Game. Gen.mp3","BUX2\sound\unsorted\19. Short Low Moves Warning Sound For A Cozy Magical Forest Match-3 Game. Gen.mp3","Assets\BUX\Audio\SFX\UI\19. Short Low Moves Warning Sound For A Cozy Magical Forest Match-3 Game. Gen.mp3","Audio/SFX/UI","copied","Matched UI keyword"
"audio_0073","19_low_moves_warning.mp3","BUX2\sound\renamed_suno_sounds\19_low_moves_warning.mp3","Assets\BUX\Audio\SFX\UI\19_low_moves_warning.mp3","Audio/SFX/UI","copied","Matched UI keyword"
"audio_0007","Button Tap. Create A Very Short Mobile Game Ui Button Tap Sound, Cozy Magical.mp3","BUX2\sound\Button Tap. Create A Very Short Mobile Game Ui Button Tap Sound, Cozy Magical.mp3","Assets\BUX\Audio\SFX\UI\Button Tap. Create A Very Short Mobile Game Ui Button Tap Sound, Cozy Magical.mp3","Audio/SFX/UI","copied","Matched UI keyword"
"audio_0008","Cancel. Create A Short Cancel Sound For A Cozy Forest Puzzle Game, Soft Downw.mp3","BUX2\sound\Cancel. Create A Short Cancel Sound For A Cozy Forest Puzzle Game, Soft Downw.mp3","Assets\BUX\Audio\SFX\UI\Cancel. Create A Short Cancel Sound For A Cozy Forest Puzzle Game, Soft Downw.mp3","Audio/SFX/UI","copied","Matched UI keyword"
"audio_0009","Confirmation. Create A Short Positive Confirmation Sound For A Cozy Mobile Pu.mp3","BUX2\sound\Confirmation. Create A Short Positive Confirmation Sound For A Cozy Mobile Pu.mp3","Assets\BUX\Audio\SFX\UI\Confirmation. Create A Short Positive Confirmation Sound For A Cozy Mobile Pu.mp3","Audio/SFX/UI","copied","Matched UI keyword"
"audio_0010","Disabled Button. Create A Short Disabled Button Sound For A Cozy Forest Puzzl.mp3","BUX2\sound\Disabled Button. Create A Short Disabled Button Sound For A Cozy Forest Puzzl.mp3","Assets\BUX\Audio\SFX\UI\Disabled Button. Create A Short Disabled Button Sound For A Cozy Forest Puzzl.mp3","Audio/SFX/UI","copied","Matched UI keyword"
"audio_0018","Popup Close. Create A Short Popup Close Sound, Soft Reverse Whoosh With Tiny.mp3","BUX2\sound\Popup Close. Create A Short Popup Close Sound, Soft Reverse Whoosh With Tiny.mp3","Assets\BUX\Audio\SFX\UI\Popup Close. Create A Short Popup Close Sound, Soft Reverse Whoosh With Tiny.mp3","Audio/SFX/UI","copied","Matched UI keyword"
"audio_0019","Popup Open. Create A Short Popup Opening Sound For A Cozy Magical Forest Mobi.mp3","BUX2\sound\Popup Open. Create A Short Popup Opening Sound For A Cozy Magical Forest Mobi.mp3","Assets\BUX\Audio\SFX\UI\Popup Open. Create A Short Popup Opening Sound For A Cozy Magical Forest Mobi.mp3","Audio/SFX/UI","copied","Matched UI keyword"
